filename,person ID,age,age group,gender,emotion,picture group
004_o_m_a_a,004,70,old,male,anger,a
004_o_m_a_b,004,70,old,male,anger,b
004_o_m_d_a,004,70,old,male,disgust,a
004_o_m_d_b,004,70,old,male,disgust,b
004_o_m_f_a,004,70,old,male,fear,a
004_o_m_f_b,004,70,old,male,fear,b
004_o_m_h_a,004,70,old,male,happiness,a
004_o_m_h_b,004,70,old,male,happiness,b
004_o_m_n_a,004,70,old,male,neutrality,a
004_o_m_n_b,004,70,old,male,neutrality,b
004_o_m_s_a,004,70,old,male,sadness,a
004_o_m_s_b,004,70,old,male,sadness,b
005_o_f_a_a,005,75,old,female,anger,a
005_o_f_a_b,005,75,old,female,anger,b
005_o_f_d_a,005,75,old,female,disgust,a
005_o_f_d_b,005,75,old,female,disgust,b
005_o_f_f_a,005,75,old,female,fear,a
005_o_f_f_b,005,75,old,female,fear,b
005_o_f_h_a,005,75,old,female,happiness,a
005_o_f_h_b,005,75,old,female,happiness,b
005_o_f_n_a,005,75,old,female,neutrality,a
005_o_f_n_b,005,75,old,female,neutrality,b
005_o_f_s_a,005,75,old,female,sadness,a
005_o_f_s_b,005,75,old,female,sadness,b
006_m_f_a_a,006,46,middle-age,female,anger,a
006_m_f_a_b,006,46,middle-age,female,anger,b
006_m_f_d_a,006,46,middle-age,female,disgust,a
006_m_f_d_b,006,46,middle-age,female,disgust,b
006_m_f_f_a,006,46,middle-age,female,fear,a
006_m_f_f_b,006,46,middle-age,female,fear,b
006_m_f_h_a,006,46,middle-age,female,happiness,a
006_m_f_h_b,006,46,middle-age,female,happiness,b
006_m_f_n_a,006,46,middle-age,female,neutrality,a
006_m_f_n_b,006,46,middle-age,female,neutrality,b
006_m_f_s_a,006,46,middle-age,female,sadness,a
006_m_f_s_b,006,46,middle-age,female,sadness,b
007_m_m_a_a,007,54,middle-age,male,anger,a
007_m_m_a_b,007,54,middle-age,male,anger,b
007_m_m_d_a,007,54,middle-age,male,disgust,a
007_m_m_d_b,007,54,middle-age,male,disgust,b
007_m_m_f_a,007,54,middle-age,male,fear,a
007_m_m_f_b,007,54,middle-age,male,fear,b
007_m_m_h_a,007,54,middle-age,male,happiness,a
007_m_m_h_b,007,54,middle-age,male,happiness,b
007_m_m_n_a,007,54,middle-age,male,neutrality,a
007_m_m_n_b,007,54,middle-age,male,neutrality,b
007_m_m_s_a,007,54,middle-age,male,sadness,a
007_m_m_s_b,007,54,middle-age,male,sadness,b
008_y_m_a_a,008,27,young,male,anger,a
008_y_m_a_b,008,27,young,male,anger,b
008_y_m_d_a,008,27,young,male,disgust,a
008_y_m_d_b,008,27,young,male,disgust,b
008_y_m_f_a,008,27,young,male,fear,a
008_y_m_f_b,008,27,young,male,fear,b
008_y_m_h_a,008,27,young,male,happiness,a
008_y_m_h_b,008,27,young,male,happiness,b
008_y_m_n_a,008,27,young,male,neutrality,a
008_y_m_n_b,008,27,young,male,neutrality,b
008_y_m_s_a,008,27,young,male,sadness,a
008_y_m_s_b,008,27,young,male,sadness,b
010_y_f_a_a,010,30,young,female,anger,a
010_y_f_a_b,010,30,young,female,anger,b
010_y_f_d_a,010,30,young,female,disgust,a
010_y_f_d_b,010,30,young,female,disgust,b
010_y_f_f_a,010,30,young,female,fear,a
010_y_f_f_b,010,30,young,female,fear,b
010_y_f_h_a,010,30,young,female,happiness,a
010_y_f_h_b,010,30,young,female,happiness,b
010_y_f_n_a,010,30,young,female,neutrality,a
010_y_f_n_b,010,30,young,female,neutrality,b
010_y_f_s_a,010,30,young,female,sadness,a
010_y_f_s_b,010,30,young,female,sadness,b
011_m_f_a_a,011,45,middle-age,female,anger,a
011_m_f_a_b,011,45,middle-age,female,anger,b
011_m_f_d_a,011,45,middle-age,female,disgust,a
011_m_f_d_b,011,45,middle-age,female,disgust,b
011_m_f_f_a,011,45,middle-age,female,fear,a
011_m_f_f_b,011,45,middle-age,female,fear,b
011_m_f_h_a,011,45,middle-age,female,happiness,a
011_m_f_h_b,011,45,middle-age,female,happiness,b
011_m_f_n_a,011,45,middle-age,female,neutrality,a
011_m_f_n_b,011,45,middle-age,female,neutrality,b
011_m_f_s_a,011,45,middle-age,female,sadness,a
011_m_f_s_b,011,45,middle-age,female,sadness,b
012_o_f_a_a,012,74,old,female,anger,a
012_o_f_a_b,012,74,old,female,anger,b
012_o_f_d_a,012,74,old,female,disgust,a
012_o_f_d_b,012,74,old,female,disgust,b
012_o_f_f_a,012,74,old,female,fear,a
012_o_f_f_b,012,74,old,female,fear,b
012_o_f_h_a,012,74,old,female,happiness,a
012_o_f_h_b,012,74,old,female,happiness,b
012_o_f_n_a,012,74,old,female,neutrality,a
012_o_f_n_b,012,74,old,female,neutrality,b
012_o_f_s_a,012,74,old,female,sadness,a
012_o_f_s_b,012,74,old,female,sadness,b
013_y_m_a_a,013,22,young,male,anger,a
013_y_m_a_b,013,22,young,male,anger,b
013_y_m_d_a,013,22,young,male,disgust,a
013_y_m_d_b,013,22,young,male,disgust,b
013_y_m_f_a,013,22,young,male,fear,a
013_y_m_f_b,013,22,young,male,fear,b
013_y_m_h_a,013,22,young,male,happiness,a
013_y_m_h_b,013,22,young,male,happiness,b
013_y_m_n_a,013,22,young,male,neutrality,a
013_y_m_n_b,013,22,young,male,neutrality,b
013_y_m_s_a,013,22,young,male,sadness,a
013_y_m_s_b,013,22,young,male,sadness,b
014_m_m_a_a,014,45,middle-age,male,anger,a
014_m_m_a_b,014,45,middle-age,male,anger,b
014_m_m_d_a,014,45,middle-age,male,disgust,a
014_m_m_d_b,014,45,middle-age,male,disgust,b
014_m_m_f_a,014,45,middle-age,male,fear,a
014_m_m_f_b,014,45,middle-age,male,fear,b
014_m_m_h_a,014,45,middle-age,male,happiness,a
014_m_m_h_b,014,45,middle-age,male,happiness,b
014_m_m_n_a,014,45,middle-age,male,neutrality,a
014_m_m_n_b,014,45,middle-age,male,neutrality,b
014_m_m_s_a,014,45,middle-age,male,sadness,a
014_m_m_s_b,014,45,middle-age,male,sadness,b
015_o_m_a_a,015,72,old,male,anger,a
015_o_m_a_b,015,72,old,male,anger,b
015_o_m_d_a,015,72,old,male,disgust,a
015_o_m_d_b,015,72,old,male,disgust,b
015_o_m_f_a,015,72,old,male,fear,a
015_o_m_f_b,015,72,old,male,fear,b
015_o_m_h_a,015,72,old,male,happiness,a
015_o_m_h_b,015,72,old,male,happiness,b
015_o_m_n_a,015,72,old,male,neutrality,a
015_o_m_n_b,015,72,old,male,neutrality,b
015_o_m_s_a,015,72,old,male,sadness,a
015_o_m_s_b,015,72,old,male,sadness,b
016_y_m_a_a,016,20,young,male,anger,a
016_y_m_a_b,016,20,young,male,anger,b
016_y_m_d_a,016,20,young,male,disgust,a
016_y_m_d_b,016,20,young,male,disgust,b
016_y_m_f_a,016,20,young,male,fear,a
016_y_m_f_b,016,20,young,male,fear,b
016_y_m_h_a,016,20,young,male,happiness,a
016_y_m_h_b,016,20,young,male,happiness,b
016_y_m_n_a,016,20,young,male,neutrality,a
016_y_m_n_b,016,20,young,male,neutrality,b
016_y_m_s_a,016,20,young,male,sadness,a
016_y_m_s_b,016,20,young,male,sadness,b
018_o_m_a_a,018,69,old,male,anger,a
018_o_m_a_b,018,69,old,male,anger,b
018_o_m_d_a,018,69,old,male,disgust,a
018_o_m_d_b,018,69,old,male,disgust,b
018_o_m_f_a,018,69,old,male,fear,a
018_o_m_f_b,018,69,old,male,fear,b
018_o_m_h_a,018,69,old,male,happiness,a
018_o_m_h_b,018,69,old,male,happiness,b
018_o_m_n_a,018,69,old,male,neutrality,a
018_o_m_n_b,018,69,old,male,neutrality,b
018_o_m_s_a,018,69,old,male,sadness,a
018_o_m_s_b,018,69,old,male,sadness,b
019_m_f_a_a,019,53,middle-age,female,anger,a
019_m_f_a_b,019,53,middle-age,female,anger,b
019_m_f_d_a,019,53,middle-age,female,disgust,a
019_m_f_d_b,019,53,middle-age,female,disgust,b
019_m_f_f_a,019,53,middle-age,female,fear,a
019_m_f_f_b,019,53,middle-age,female,fear,b
019_m_f_h_a,019,53,middle-age,female,happiness,a
019_m_f_h_b,019,53,middle-age,female,happiness,b
019_m_f_n_a,019,53,middle-age,female,neutrality,a
019_m_f_n_b,019,53,middle-age,female,neutrality,b
019_m_f_s_a,019,53,middle-age,female,sadness,a
019_m_f_s_b,019,53,middle-age,female,sadness,b
020_y_f_a_a,020,21,young,female,anger,a
020_y_f_a_b,020,21,young,female,anger,b
020_y_f_d_a,020,21,young,female,disgust,a
020_y_f_d_b,020,21,young,female,disgust,b
020_y_f_f_a,020,21,young,female,fear,a
020_y_f_f_b,020,21,young,female,fear,b
020_y_f_h_a,020,21,young,female,happiness,a
020_y_f_h_b,020,21,young,female,happiness,b
020_y_f_n_a,020,21,young,female,neutrality,a
020_y_f_n_b,020,21,young,female,neutrality,b
020_y_f_s_a,020,21,young,female,sadness,a
020_y_f_s_b,020,21,young,female,sadness,b
021_o_f_a_a,021,80,old,female,anger,a
021_o_f_a_b,021,80,old,female,anger,b
021_o_f_d_a,021,80,old,female,disgust,a
021_o_f_d_b,021,80,old,female,disgust,b
021_o_f_f_a,021,80,old,female,fear,a
021_o_f_f_b,021,80,old,female,fear,b
021_o_f_h_a,021,80,old,female,happiness,a
021_o_f_h_b,021,80,old,female,happiness,b
021_o_f_n_a,021,80,old,female,neutrality,a
021_o_f_n_b,021,80,old,female,neutrality,b
021_o_f_s_a,021,80,old,female,sadness,a
021_o_f_s_b,021,80,old,female,sadness,b
022_y_f_a_a,022,19,young,female,anger,a
022_y_f_a_b,022,19,young,female,anger,b
022_y_f_d_a,022,19,young,female,disgust,a
022_y_f_d_b,022,19,young,female,disgust,b
022_y_f_f_a,022,19,young,female,fear,a
022_y_f_f_b,022,19,young,female,fear,b
022_y_f_h_a,022,19,young,female,happiness,a
022_y_f_h_b,022,19,young,female,happiness,b
022_y_f_n_a,022,19,young,female,neutrality,a
022_y_f_n_b,022,19,young,female,neutrality,b
022_y_f_s_a,022,19,young,female,sadness,a
022_y_f_s_b,022,19,young,female,sadness,b
024_o_f_a_a,024,69,old,female,anger,a
024_o_f_a_b,024,69,old,female,anger,b
024_o_f_d_a,024,69,old,female,disgust,a
024_o_f_d_b,024,69,old,female,disgust,b
024_o_f_f_a,024,69,old,female,fear,a
024_o_f_f_b,024,69,old,female,fear,b
024_o_f_h_a,024,69,old,female,happiness,a
024_o_f_h_b,024,69,old,female,happiness,b
024_o_f_n_a,024,69,old,female,neutrality,a
024_o_f_n_b,024,69,old,female,neutrality,b
024_o_f_s_a,024,69,old,female,sadness,a
024_o_f_s_b,024,69,old,female,sadness,b
025_y_m_a_a,025,30,young,male,anger,a
025_y_m_a_b,025,30,young,male,anger,b
025_y_m_d_a,025,30,young,male,disgust,a
025_y_m_d_b,025,30,young,male,disgust,b
025_y_m_f_a,025,30,young,male,fear,a
025_y_m_f_b,025,30,young,male,fear,b
025_y_m_h_a,025,30,young,male,happiness,a
025_y_m_h_b,025,30,young,male,happiness,b
025_y_m_n_a,025,30,young,male,neutrality,a
025_y_m_n_b,025,30,young,male,neutrality,b
025_y_m_s_a,025,30,young,male,sadness,a
025_y_m_s_b,025,30,young,male,sadness,b
026_m_m_a_a,026,54,middle-age,male,anger,a
026_m_m_a_b,026,54,middle-age,male,anger,b
026_m_m_d_a,026,54,middle-age,male,disgust,a
026_m_m_d_b,026,54,middle-age,male,disgust,b
026_m_m_f_a,026,54,middle-age,male,fear,a
026_m_m_f_b,026,54,middle-age,male,fear,b
026_m_m_h_a,026,54,middle-age,male,happiness,a
026_m_m_h_b,026,54,middle-age,male,happiness,b
026_m_m_n_a,026,54,middle-age,male,neutrality,a
026_m_m_n_b,026,54,middle-age,male,neutrality,b
026_m_m_s_a,026,54,middle-age,male,sadness,a
026_m_m_s_b,026,54,middle-age,male,sadness,b
027_o_m_a_a,027,74,old,male,anger,a
027_o_m_a_b,027,74,old,male,anger,b
027_o_m_d_a,027,74,old,male,disgust,a
027_o_m_d_b,027,74,old,male,disgust,b
027_o_m_f_a,027,74,old,male,fear,a
027_o_m_f_b,027,74,old,male,fear,b
027_o_m_h_a,027,74,old,male,happiness,a
027_o_m_h_b,027,74,old,male,happiness,b
027_o_m_n_a,027,74,old,male,neutrality,a
027_o_m_n_b,027,74,old,male,neutrality,b
027_o_m_s_a,027,74,old,male,sadness,a
027_o_m_s_b,027,74,old,male,sadness,b
028_y_f_a_a,028,30,young,female,anger,a
028_y_f_a_b,028,30,young,female,anger,b
028_y_f_d_a,028,30,young,female,disgust,a
028_y_f_d_b,028,30,young,female,disgust,b
028_y_f_f_a,028,30,young,female,fear,a
028_y_f_f_b,028,30,young,female,fear,b
028_y_f_h_a,028,30,young,female,happiness,a
028_y_f_h_b,028,30,young,female,happiness,b
028_y_f_n_a,028,30,young,female,neutrality,a
028_y_f_n_b,028,30,young,female,neutrality,b
028_y_f_s_a,028,30,young,female,sadness,a
028_y_f_s_b,028,30,young,female,sadness,b
029_m_f_a_a,029,48,middle-age,female,anger,a
029_m_f_a_b,029,48,middle-age,female,anger,b
029_m_f_d_a,029,48,middle-age,female,disgust,a
029_m_f_d_b,029,48,middle-age,female,disgust,b
029_m_f_f_a,029,48,middle-age,female,fear,a
029_m_f_f_b,029,48,middle-age,female,fear,b
029_m_f_h_a,029,48,middle-age,female,happiness,a
029_m_f_h_b,029,48,middle-age,female,happiness,b
029_m_f_n_a,029,48,middle-age,female,neutrality,a
029_m_f_n_b,029,48,middle-age,female,neutrality,b
029_m_f_s_a,029,48,middle-age,female,sadness,a
029_m_f_s_b,029,48,middle-age,female,sadness,b
030_o_f_a_a,030,72,old,female,anger,a
030_o_f_a_b,030,72,old,female,anger,b
030_o_f_d_a,030,72,old,female,disgust,a
030_o_f_d_b,030,72,old,female,disgust,b
030_o_f_f_a,030,72,old,female,fear,a
030_o_f_f_b,030,72,old,female,fear,b
030_o_f_h_a,030,72,old,female,happiness,a
030_o_f_h_b,030,72,old,female,happiness,b
030_o_f_n_a,030,72,old,female,neutrality,a
030_o_f_n_b,030,72,old,female,neutrality,b
030_o_f_s_a,030,72,old,female,sadness,a
030_o_f_s_b,030,72,old,female,sadness,b
031_y_m_a_a,031,22,young,male,anger,a
031_y_m_a_b,031,22,young,male,anger,b
031_y_m_d_a,031,22,young,male,disgust,a
031_y_m_d_b,031,22,young,male,disgust,b
031_y_m_f_a,031,22,young,male,fear,a
031_y_m_f_b,031,22,young,male,fear,b
031_y_m_h_a,031,22,young,male,happiness,a
031_y_m_h_b,031,22,young,male,happiness,b
031_y_m_n_a,031,22,young,male,neutrality,a
031_y_m_n_b,031,22,young,male,neutrality,b
031_y_m_s_a,031,22,young,male,sadness,a
031_y_m_s_b,031,22,young,male,sadness,b
032_m_m_a_a,032,43,middle-age,male,anger,a
032_m_m_a_b,032,43,middle-age,male,anger,b
032_m_m_d_a,032,43,middle-age,male,disgust,a
032_m_m_d_b,032,43,middle-age,male,disgust,b
032_m_m_f_a,032,43,middle-age,male,fear,a
032_m_m_f_b,032,43,middle-age,male,fear,b
032_m_m_h_a,032,43,middle-age,male,happiness,a
032_m_m_h_b,032,43,middle-age,male,happiness,b
032_m_m_n_a,032,43,middle-age,male,neutrality,a
032_m_m_n_b,032,43,middle-age,male,neutrality,b
032_m_m_s_a,032,43,middle-age,male,sadness,a
032_m_m_s_b,032,43,middle-age,male,sadness,b
033_o_m_a_a,033,69,old,male,anger,a
033_o_m_a_b,033,69,old,male,anger,b
033_o_m_d_a,033,69,old,male,disgust,a
033_o_m_d_b,033,69,old,male,disgust,b
033_o_m_f_a,033,69,old,male,fear,a
033_o_m_f_b,033,69,old,male,fear,b
033_o_m_h_a,033,69,old,male,happiness,a
033_o_m_h_b,033,69,old,male,happiness,b
033_o_m_n_a,033,69,old,male,neutrality,a
033_o_m_n_b,033,69,old,male,neutrality,b
033_o_m_s_a,033,69,old,male,sadness,a
033_o_m_s_b,033,69,old,male,sadness,b
034_y_f_a_a,034,23,young,female,anger,a
034_y_f_a_b,034,23,young,female,anger,b
034_y_f_d_a,034,23,young,female,disgust,a
034_y_f_d_b,034,23,young,female,disgust,b
034_y_f_f_a,034,23,young,female,fear,a
034_y_f_f_b,034,23,young,female,fear,b
034_y_f_h_a,034,23,young,female,happiness,a
034_y_f_h_b,034,23,young,female,happiness,b
034_y_f_n_a,034,23,young,female,neutrality,a
034_y_f_n_b,034,23,young,female,neutrality,b
034_y_f_s_a,034,23,young,female,sadness,a
034_y_f_s_b,034,23,young,female,sadness,b
035_m_f_a_a,035,48,middle-age,female,anger,a
035_m_f_a_b,035,48,middle-age,female,anger,b
035_m_f_d_a,035,48,middle-age,female,disgust,a
035_m_f_d_b,035,48,middle-age,female,disgust,b
035_m_f_f_a,035,48,middle-age,female,fear,a
035_m_f_f_b,035,48,middle-age,female,fear,b
035_m_f_h_a,035,48,middle-age,female,happiness,a
035_m_f_h_b,035,48,middle-age,female,happiness,b
035_m_f_n_a,035,48,middle-age,female,neutrality,a
035_m_f_n_b,035,48,middle-age,female,neutrality,b
035_m_f_s_a,035,48,middle-age,female,sadness,a
035_m_f_s_b,035,48,middle-age,female,sadness,b
036_o_f_a_a,036,75,old,female,anger,a
036_o_f_a_b,036,75,old,female,anger,b
036_o_f_d_a,036,75,old,female,disgust,a
036_o_f_d_b,036,75,old,female,disgust,b
036_o_f_f_a,036,75,old,female,fear,a
036_o_f_f_b,036,75,old,female,fear,b
036_o_f_h_a,036,75,old,female,happiness,a
036_o_f_h_b,036,75,old,female,happiness,b
036_o_f_n_a,036,75,old,female,neutrality,a
036_o_f_n_b,036,75,old,female,neutrality,b
036_o_f_s_a,036,75,old,female,sadness,a
036_o_f_s_b,036,75,old,female,sadness,b
037_y_m_a_a,037,22,young,male,anger,a
037_y_m_a_b,037,22,young,male,anger,b
037_y_m_d_a,037,22,young,male,disgust,a
037_y_m_d_b,037,22,young,male,disgust,b
037_y_m_f_a,037,22,young,male,fear,a
037_y_m_f_b,037,22,young,male,fear,b
037_y_m_h_a,037,22,young,male,happiness,a
037_y_m_h_b,037,22,young,male,happiness,b
037_y_m_n_a,037,22,young,male,neutrality,a
037_y_m_n_b,037,22,young,male,neutrality,b
037_y_m_s_a,037,22,young,male,sadness,a
037_y_m_s_b,037,22,young,male,sadness,b
038_m_m_a_a,038,46,middle-age,male,anger,a
038_m_m_a_b,038,46,middle-age,male,anger,b
038_m_m_d_a,038,46,middle-age,male,disgust,a
038_m_m_d_b,038,46,middle-age,male,disgust,b
038_m_m_f_a,038,46,middle-age,male,fear,a
038_m_m_f_b,038,46,middle-age,male,fear,b
038_m_m_h_a,038,46,middle-age,male,happiness,a
038_m_m_h_b,038,46,middle-age,male,happiness,b
038_m_m_n_a,038,46,middle-age,male,neutrality,a
038_m_m_n_b,038,46,middle-age,male,neutrality,b
038_m_m_s_a,038,46,middle-age,male,sadness,a
038_m_m_s_b,038,46,middle-age,male,sadness,b
039_o_m_a_a,039,72,old,male,anger,a
039_o_m_a_b,039,72,old,male,anger,b
039_o_m_d_a,039,72,old,male,disgust,a
039_o_m_d_b,039,72,old,male,disgust,b
039_o_m_f_a,039,72,old,male,fear,a
039_o_m_f_b,039,72,old,male,fear,b
039_o_m_h_a,039,72,old,male,happiness,a
039_o_m_h_b,039,72,old,male,happiness,b
039_o_m_n_a,039,72,old,male,neutrality,a
039_o_m_n_b,039,72,old,male,neutrality,b
039_o_m_s_a,039,72,old,male,sadness,a
039_o_m_s_b,039,72,old,male,sadness,b
040_y_f_a_a,040,24,young,female,anger,a
040_y_f_a_b,040,24,young,female,anger,b
040_y_f_d_a,040,24,young,female,disgust,a
040_y_f_d_b,040,24,young,female,disgust,b
040_y_f_f_a,040,24,young,female,fear,a
040_y_f_f_b,040,24,young,female,fear,b
040_y_f_h_a,040,24,young,female,happiness,a
040_y_f_h_b,040,24,young,female,happiness,b
040_y_f_n_a,040,24,young,female,neutrality,a
040_y_f_n_b,040,24,young,female,neutrality,b
040_y_f_s_a,040,24,young,female,sadness,a
040_y_f_s_b,040,24,young,female,sadness,b
041_y_m_a_a,041,28,young,male,anger,a
041_y_m_a_b,041,28,young,male,anger,b
041_y_m_d_a,041,28,young,male,disgust,a
041_y_m_d_b,041,28,young,male,disgust,b
041_y_m_f_a,041,28,young,male,fear,a
041_y_m_f_b,041,28,young,male,fear,b
041_y_m_h_a,041,28,young,male,happiness,a
041_y_m_h_b,041,28,young,male,happiness,b
041_y_m_n_a,041,28,young,male,neutrality,a
041_y_m_n_b,041,28,young,male,neutrality,b
041_y_m_s_a,041,28,young,male,sadness,a
041_y_m_s_b,041,28,young,male,sadness,b
042_o_m_a_a,042,72,old,male,anger,a
042_o_m_a_b,042,72,old,male,anger,b
042_o_m_d_a,042,72,old,male,disgust,a
042_o_m_d_b,042,72,old,male,disgust,b
042_o_m_f_a,042,72,old,male,fear,a
042_o_m_f_b,042,72,old,male,fear,b
042_o_m_h_a,042,72,old,male,happiness,a
042_o_m_h_b,042,72,old,male,happiness,b
042_o_m_n_a,042,72,old,male,neutrality,a
042_o_m_n_b,042,72,old,male,neutrality,b
042_o_m_s_a,042,72,old,male,sadness,a
042_o_m_s_b,042,72,old,male,sadness,b
043_m_f_a_a,043,54,middle-age,female,anger,a
043_m_f_a_b,043,54,middle-age,female,anger,b
043_m_f_d_a,043,54,middle-age,female,disgust,a
043_m_f_d_b,043,54,middle-age,female,disgust,b
043_m_f_f_a,043,54,middle-age,female,fear,a
043_m_f_f_b,043,54,middle-age,female,fear,b
043_m_f_h_a,043,54,middle-age,female,happiness,a
043_m_f_h_b,043,54,middle-age,female,happiness,b
043_m_f_n_a,043,54,middle-age,female,neutrality,a
043_m_f_n_b,043,54,middle-age,female,neutrality,b
043_m_f_s_a,043,54,middle-age,female,sadness,a
043_m_f_s_b,043,54,middle-age,female,sadness,b
044_o_f_a_a,044,70,old,female,anger,a
044_o_f_a_b,044,70,old,female,anger,b
044_o_f_d_a,044,70,old,female,disgust,a
044_o_f_d_b,044,70,old,female,disgust,b
044_o_f_f_a,044,70,old,female,fear,a
044_o_f_f_b,044,70,old,female,fear,b
044_o_f_h_a,044,70,old,female,happiness,a
044_o_f_h_b,044,70,old,female,happiness,b
044_o_f_n_a,044,70,old,female,neutrality,a
044_o_f_n_b,044,70,old,female,neutrality,b
044_o_f_s_a,044,70,old,female,sadness,a
044_o_f_s_b,044,70,old,female,sadness,b
045_m_m_a_a,045,46,middle-age,male,anger,a
045_m_m_a_b,045,46,middle-age,male,anger,b
045_m_m_d_a,045,46,middle-age,male,disgust,a
045_m_m_d_b,045,46,middle-age,male,disgust,b
045_m_m_f_a,045,46,middle-age,male,fear,a
045_m_m_f_b,045,46,middle-age,male,fear,b
045_m_m_h_a,045,46,middle-age,male,happiness,a
045_m_m_h_b,045,46,middle-age,male,happiness,b
045_m_m_n_a,045,46,middle-age,male,neutrality,a
045_m_m_n_b,045,46,middle-age,male,neutrality,b
045_m_m_s_a,045,46,middle-age,male,sadness,a
045_m_m_s_b,045,46,middle-age,male,sadness,b
046_o_m_a_a,046,71,old,male,anger,a
046_o_m_a_b,046,71,old,male,anger,b
046_o_m_d_a,046,71,old,male,disgust,a
046_o_m_d_b,046,71,old,male,disgust,b
046_o_m_f_a,046,71,old,male,fear,a
046_o_m_f_b,046,71,old,male,fear,b
046_o_m_h_a,046,71,old,male,happiness,a
046_o_m_h_b,046,71,old,male,happiness,b
046_o_m_n_a,046,71,old,male,neutrality,a
046_o_m_n_b,046,71,old,male,neutrality,b
046_o_m_s_a,046,71,old,male,sadness,a
046_o_m_s_b,046,71,old,male,sadness,b
047_o_f_a_a,047,71,old,female,anger,a
047_o_f_a_b,047,71,old,female,anger,b
047_o_f_d_a,047,71,old,female,disgust,a
047_o_f_d_b,047,71,old,female,disgust,b
047_o_f_f_a,047,71,old,female,fear,a
047_o_f_f_b,047,71,old,female,fear,b
047_o_f_h_a,047,71,old,female,happiness,a
047_o_f_h_b,047,71,old,female,happiness,b
047_o_f_n_a,047,71,old,female,neutrality,a
047_o_f_n_b,047,71,old,female,neutrality,b
047_o_f_s_a,047,71,old,female,sadness,a
047_o_f_s_b,047,71,old,female,sadness,b
048_y_f_a_a,048,19,young,female,anger,a
048_y_f_a_b,048,19,young,female,anger,b
048_y_f_d_a,048,19,young,female,disgust,a
048_y_f_d_b,048,19,young,female,disgust,b
048_y_f_f_a,048,19,young,female,fear,a
048_y_f_f_b,048,19,young,female,fear,b
048_y_f_h_a,048,19,young,female,happiness,a
048_y_f_h_b,048,19,young,female,happiness,b
048_y_f_n_a,048,19,young,female,neutrality,a
048_y_f_n_b,048,19,young,female,neutrality,b
048_y_f_s_a,048,19,young,female,sadness,a
048_y_f_s_b,048,19,young,female,sadness,b
049_y_m_a_a,049,26,young,male,anger,a
049_y_m_a_b,049,26,young,male,anger,b
049_y_m_d_a,049,26,young,male,disgust,a
049_y_m_d_b,049,26,young,male,disgust,b
049_y_m_f_a,049,26,young,male,fear,a
049_y_m_f_b,049,26,young,male,fear,b
049_y_m_h_a,049,26,young,male,happiness,a
049_y_m_h_b,049,26,young,male,happiness,b
049_y_m_n_a,049,26,young,male,neutrality,a
049_y_m_n_b,049,26,young,male,neutrality,b
049_y_m_s_a,049,26,young,male,sadness,a
049_y_m_s_b,049,26,young,male,sadness,b
050_m_f_a_a,050,55,middle-age,female,anger,a
050_m_f_a_b,050,55,middle-age,female,anger,b
050_m_f_d_a,050,55,middle-age,female,disgust,a
050_m_f_d_b,050,55,middle-age,female,disgust,b
050_m_f_f_a,050,55,middle-age,female,fear,a
050_m_f_f_b,050,55,middle-age,female,fear,b
050_m_f_h_a,050,55,middle-age,female,happiness,a
050_m_f_h_b,050,55,middle-age,female,happiness,b
050_m_f_n_a,050,55,middle-age,female,neutrality,a
050_m_f_n_b,050,55,middle-age,female,neutrality,b
050_m_f_s_a,050,55,middle-age,female,sadness,a
050_m_f_s_b,050,55,middle-age,female,sadness,b
051_m_m_a_a,051,46,middle-age,male,anger,a
051_m_m_a_b,051,46,middle-age,male,anger,b
051_m_m_d_a,051,46,middle-age,male,disgust,a
051_m_m_d_b,051,46,middle-age,male,disgust,b
051_m_m_f_a,051,46,middle-age,male,fear,a
051_m_m_f_b,051,46,middle-age,male,fear,b
051_m_m_h_a,051,46,middle-age,male,happiness,a
051_m_m_h_b,051,46,middle-age,male,happiness,b
051_m_m_n_a,051,46,middle-age,male,neutrality,a
051_m_m_n_b,051,46,middle-age,male,neutrality,b
051_m_m_s_a,051,46,middle-age,male,sadness,a
051_m_m_s_b,051,46,middle-age,male,sadness,b
052_m_f_a_a,052,51,middle-age,female,anger,a
052_m_f_a_b,052,51,middle-age,female,anger,b
052_m_f_d_a,052,51,middle-age,female,disgust,a
052_m_f_d_b,052,51,middle-age,female,disgust,b
052_m_f_f_a,052,51,middle-age,female,fear,a
052_m_f_f_b,052,51,middle-age,female,fear,b
052_m_f_h_a,052,51,middle-age,female,happiness,a
052_m_f_h_b,052,51,middle-age,female,happiness,b
052_m_f_n_a,052,51,middle-age,female,neutrality,a
052_m_f_n_b,052,51,middle-age,female,neutrality,b
052_m_f_s_a,052,51,middle-age,female,sadness,a
052_m_f_s_b,052,51,middle-age,female,sadness,b
053_o_m_a_a,053,70,old,male,anger,a
053_o_m_a_b,053,70,old,male,anger,b
053_o_m_d_a,053,70,old,male,disgust,a
053_o_m_d_b,053,70,old,male,disgust,b
053_o_m_f_a,053,70,old,male,fear,a
053_o_m_f_b,053,70,old,male,fear,b
053_o_m_h_a,053,70,old,male,happiness,a
053_o_m_h_b,053,70,old,male,happiness,b
053_o_m_n_a,053,70,old,male,neutrality,a
053_o_m_n_b,053,70,old,male,neutrality,b
053_o_m_s_a,053,70,old,male,sadness,a
053_o_m_s_b,053,70,old,male,sadness,b
054_y_f_a_a,054,22,young,female,anger,a
054_y_f_a_b,054,22,young,female,anger,b
054_y_f_d_a,054,22,young,female,disgust,a
054_y_f_d_b,054,22,young,female,disgust,b
054_y_f_f_a,054,22,young,female,fear,a
054_y_f_f_b,054,22,young,female,fear,b
054_y_f_h_a,054,22,young,female,happiness,a
054_y_f_h_b,054,22,young,female,happiness,b
054_y_f_n_a,054,22,young,female,neutrality,a
054_y_f_n_b,054,22,young,female,neutrality,b
054_y_f_s_a,054,22,young,female,sadness,a
054_y_f_s_b,054,22,young,female,sadness,b
055_o_f_a_a,055,71,old,female,anger,a
055_o_f_a_b,055,71,old,female,anger,b
055_o_f_d_a,055,71,old,female,disgust,a
055_o_f_d_b,055,71,old,female,disgust,b
055_o_f_f_a,055,71,old,female,fear,a
055_o_f_f_b,055,71,old,female,fear,b
055_o_f_h_a,055,71,old,female,happiness,a
055_o_f_h_b,055,71,old,female,happiness,b
055_o_f_n_a,055,71,old,female,neutrality,a
055_o_f_n_b,055,71,old,female,neutrality,b
055_o_f_s_a,055,71,old,female,sadness,a
055_o_f_s_b,055,71,old,female,sadness,b
056_m_m_a_a,056,52,middle-age,male,anger,a
056_m_m_a_b,056,52,middle-age,male,anger,b
056_m_m_d_a,056,52,middle-age,male,disgust,a
056_m_m_d_b,056,52,middle-age,male,disgust,b
056_m_m_f_a,056,52,middle-age,male,fear,a
056_m_m_f_b,056,52,middle-age,male,fear,b
056_m_m_h_a,056,52,middle-age,male,happiness,a
056_m_m_h_b,056,52,middle-age,male,happiness,b
056_m_m_n_a,056,52,middle-age,male,neutrality,a
056_m_m_n_b,056,52,middle-age,male,neutrality,b
056_m_m_s_a,056,52,middle-age,male,sadness,a
056_m_m_s_b,056,52,middle-age,male,sadness,b
057_y_m_a_a,057,22,young,male,anger,a
057_y_m_a_b,057,22,young,male,anger,b
057_y_m_d_a,057,22,young,male,disgust,a
057_y_m_d_b,057,22,young,male,disgust,b
057_y_m_f_a,057,22,young,male,fear,a
057_y_m_f_b,057,22,young,male,fear,b
057_y_m_h_a,057,22,young,male,happiness,a
057_y_m_h_b,057,22,young,male,happiness,b
057_y_m_n_a,057,22,young,male,neutrality,a
057_y_m_n_b,057,22,young,male,neutrality,b
057_y_m_s_a,057,22,young,male,sadness,a
057_y_m_s_b,057,22,young,male,sadness,b
058_m_m_a_a,058,50,middle-age,male,anger,a
058_m_m_a_b,058,50,middle-age,male,anger,b
058_m_m_d_a,058,50,middle-age,male,disgust,a
058_m_m_d_b,058,50,middle-age,male,disgust,b
058_m_m_f_a,058,50,middle-age,male,fear,a
058_m_m_f_b,058,50,middle-age,male,fear,b
058_m_m_h_a,058,50,middle-age,male,happiness,a
058_m_m_h_b,058,50,middle-age,male,happiness,b
058_m_m_n_a,058,50,middle-age,male,neutrality,a
058_m_m_n_b,058,50,middle-age,male,neutrality,b
058_m_m_s_a,058,50,middle-age,male,sadness,a
058_m_m_s_b,058,50,middle-age,male,sadness,b
059_o_m_a_a,059,72,old,male,anger,a
059_o_m_a_b,059,72,old,male,anger,b
059_o_m_d_a,059,72,old,male,disgust,a
059_o_m_d_b,059,72,old,male,disgust,b
059_o_m_f_a,059,72,old,male,fear,a
059_o_m_f_b,059,72,old,male,fear,b
059_o_m_h_a,059,72,old,male,happiness,a
059_o_m_h_b,059,72,old,male,happiness,b
059_o_m_n_a,059,72,old,male,neutrality,a
059_o_m_n_b,059,72,old,male,neutrality,b
059_o_m_s_a,059,72,old,male,sadness,a
059_o_m_s_b,059,72,old,male,sadness,b
060_o_f_a_a,060,73,old,female,anger,a
060_o_f_a_b,060,73,old,female,anger,b
060_o_f_d_a,060,73,old,female,disgust,a
060_o_f_d_b,060,73,old,female,disgust,b
060_o_f_f_a,060,73,old,female,fear,a
060_o_f_f_b,060,73,old,female,fear,b
060_o_f_h_a,060,73,old,female,happiness,a
060_o_f_h_b,060,73,old,female,happiness,b
060_o_f_n_a,060,73,old,female,neutrality,a
060_o_f_n_b,060,73,old,female,neutrality,b
060_o_f_s_a,060,73,old,female,sadness,a
060_o_f_s_b,060,73,old,female,sadness,b
061_m_f_a_a,061,45,middle-age,female,anger,a
061_m_f_a_b,061,45,middle-age,female,anger,b
061_m_f_d_a,061,45,middle-age,female,disgust,a
061_m_f_d_b,061,45,middle-age,female,disgust,b
061_m_f_f_a,061,45,middle-age,female,fear,a
061_m_f_f_b,061,45,middle-age,female,fear,b
061_m_f_h_a,061,45,middle-age,female,happiness,a
061_m_f_h_b,061,45,middle-age,female,happiness,b
061_m_f_n_a,061,45,middle-age,female,neutrality,a
061_m_f_n_b,061,45,middle-age,female,neutrality,b
061_m_f_s_a,061,45,middle-age,female,sadness,a
061_m_f_s_b,061,45,middle-age,female,sadness,b
062_y_m_a_a,062,24,young,male,anger,a
062_y_m_a_b,062,24,young,male,anger,b
062_y_m_d_a,062,24,young,male,disgust,a
062_y_m_d_b,062,24,young,male,disgust,b
062_y_m_f_a,062,24,young,male,fear,a
062_y_m_f_b,062,24,young,male,fear,b
062_y_m_h_a,062,24,young,male,happiness,a
062_y_m_h_b,062,24,young,male,happiness,b
062_y_m_n_a,062,24,young,male,neutrality,a
062_y_m_n_b,062,24,young,male,neutrality,b
062_y_m_s_a,062,24,young,male,sadness,a
062_y_m_s_b,062,24,young,male,sadness,b
063_y_f_a_a,063,27,young,female,anger,a
063_y_f_a_b,063,27,young,female,anger,b
063_y_f_d_a,063,27,young,female,disgust,a
063_y_f_d_b,063,27,young,female,disgust,b
063_y_f_f_a,063,27,young,female,fear,a
063_y_f_f_b,063,27,young,female,fear,b
063_y_f_h_a,063,27,young,female,happiness,a
063_y_f_h_b,063,27,young,female,happiness,b
063_y_f_n_a,063,27,young,female,neutrality,a
063_y_f_n_b,063,27,young,female,neutrality,b
063_y_f_s_a,063,27,young,female,sadness,a
063_y_f_s_b,063,27,young,female,sadness,b
064_m_f_a_a,064,54,middle-age,female,anger,a
064_m_f_a_b,064,54,middle-age,female,anger,b
064_m_f_d_a,064,54,middle-age,female,disgust,a
064_m_f_d_b,064,54,middle-age,female,disgust,b
064_m_f_f_a,064,54,middle-age,female,fear,a
064_m_f_f_b,064,54,middle-age,female,fear,b
064_m_f_h_a,064,54,middle-age,female,happiness,a
064_m_f_h_b,064,54,middle-age,female,happiness,b
064_m_f_n_a,064,54,middle-age,female,neutrality,a
064_m_f_n_b,064,54,middle-age,female,neutrality,b
064_m_f_s_a,064,54,middle-age,female,sadness,a
064_m_f_s_b,064,54,middle-age,female,sadness,b
065_o_m_a_a,065,77,old,male,anger,a
065_o_m_a_b,065,77,old,male,anger,b
065_o_m_d_a,065,77,old,male,disgust,a
065_o_m_d_b,065,77,old,male,disgust,b
065_o_m_f_a,065,77,old,male,fear,a
065_o_m_f_b,065,77,old,male,fear,b
065_o_m_h_a,065,77,old,male,happiness,a
065_o_m_h_b,065,77,old,male,happiness,b
065_o_m_n_a,065,77,old,male,neutrality,a
065_o_m_n_b,065,77,old,male,neutrality,b
065_o_m_s_a,065,77,old,male,sadness,a
065_o_m_s_b,065,77,old,male,sadness,b
066_y_m_a_a,066,25,young,male,anger,a
066_y_m_a_b,066,25,young,male,anger,b
066_y_m_d_a,066,25,young,male,disgust,a
066_y_m_d_b,066,25,young,male,disgust,b
066_y_m_f_a,066,25,young,male,fear,a
066_y_m_f_b,066,25,young,male,fear,b
066_y_m_h_a,066,25,young,male,happiness,a
066_y_m_h_b,066,25,young,male,happiness,b
066_y_m_n_a,066,25,young,male,neutrality,a
066_y_m_n_b,066,25,young,male,neutrality,b
066_y_m_s_a,066,25,young,male,sadness,a
066_y_m_s_b,066,25,young,male,sadness,b
067_o_f_a_a,067,73,old,female,anger,a
067_o_f_a_b,067,73,old,female,anger,b
067_o_f_d_a,067,73,old,female,disgust,a
067_o_f_d_b,067,73,old,female,disgust,b
067_o_f_f_a,067,73,old,female,fear,a
067_o_f_f_b,067,73,old,female,fear,b
067_o_f_h_a,067,73,old,female,happiness,a
067_o_f_h_b,067,73,old,female,happiness,b
067_o_f_n_a,067,73,old,female,neutrality,a
067_o_f_n_b,067,73,old,female,neutrality,b
067_o_f_s_a,067,73,old,female,sadness,a
067_o_f_s_b,067,73,old,female,sadness,b
068_m_m_a_a,068,52,middle-age,male,anger,a
068_m_m_a_b,068,52,middle-age,male,anger,b
068_m_m_d_a,068,52,middle-age,male,disgust,a
068_m_m_d_b,068,52,middle-age,male,disgust,b
068_m_m_f_a,068,52,middle-age,male,fear,a
068_m_m_f_b,068,52,middle-age,male,fear,b
068_m_m_h_a,068,52,middle-age,male,happiness,a
068_m_m_h_b,068,52,middle-age,male,happiness,b
068_m_m_n_a,068,52,middle-age,male,neutrality,a
068_m_m_n_b,068,52,middle-age,male,neutrality,b
068_m_m_s_a,068,52,middle-age,male,sadness,a
068_m_m_s_b,068,52,middle-age,male,sadness,b
069_y_f_a_a,069,27,young,female,anger,a
069_y_f_a_b,069,27,young,female,anger,b
069_y_f_d_a,069,27,young,female,disgust,a
069_y_f_d_b,069,27,young,female,disgust,b
069_y_f_f_a,069,27,young,female,fear,a
069_y_f_f_b,069,27,young,female,fear,b
069_y_f_h_a,069,27,young,female,happiness,a
069_y_f_h_b,069,27,young,female,happiness,b
069_y_f_n_a,069,27,young,female,neutrality,a
069_y_f_n_b,069,27,young,female,neutrality,b
069_y_f_s_a,069,27,young,female,sadness,a
069_y_f_s_b,069,27,young,female,sadness,b
070_m_m_a_a,070,45,middle-age,male,anger,a
070_m_m_a_b,070,45,middle-age,male,anger,b
070_m_m_d_a,070,45,middle-age,male,disgust,a
070_m_m_d_b,070,45,middle-age,male,disgust,b
070_m_m_f_a,070,45,middle-age,male,fear,a
070_m_m_f_b,070,45,middle-age,male,fear,b
070_m_m_h_a,070,45,middle-age,male,happiness,a
070_m_m_h_b,070,45,middle-age,male,happiness,b
070_m_m_n_a,070,45,middle-age,male,neutrality,a
070_m_m_n_b,070,45,middle-age,male,neutrality,b
070_m_m_s_a,070,45,middle-age,male,sadness,a
070_m_m_s_b,070,45,middle-age,male,sadness,b
071_y_f_a_a,071,26,young,female,anger,a
071_y_f_a_b,071,26,young,female,anger,b
071_y_f_d_a,071,26,young,female,disgust,a
071_y_f_d_b,071,26,young,female,disgust,b
071_y_f_f_a,071,26,young,female,fear,a
071_y_f_f_b,071,26,young,female,fear,b
071_y_f_h_a,071,26,young,female,happiness,a
071_y_f_h_b,071,26,young,female,happiness,b
071_y_f_n_a,071,26,young,female,neutrality,a
071_y_f_n_b,071,26,young,female,neutrality,b
071_y_f_s_a,071,26,young,female,sadness,a
071_y_f_s_b,071,26,young,female,sadness,b
072_y_m_a_a,072,24,young,male,anger,a
072_y_m_a_b,072,24,young,male,anger,b
072_y_m_d_a,072,24,young,male,disgust,a
072_y_m_d_b,072,24,young,male,disgust,b
072_y_m_f_a,072,24,young,male,fear,a
072_y_m_f_b,072,24,young,male,fear,b
072_y_m_h_a,072,24,young,male,happiness,a
072_y_m_h_b,072,24,young,male,happiness,b
072_y_m_n_a,072,24,young,male,neutrality,a
072_y_m_n_b,072,24,young,male,neutrality,b
072_y_m_s_a,072,24,young,male,sadness,a
072_y_m_s_b,072,24,young,male,sadness,b
073_m_f_a_a,073,55,middle-age,female,anger,a
073_m_f_a_b,073,55,middle-age,female,anger,b
073_m_f_d_a,073,55,middle-age,female,disgust,a
073_m_f_d_b,073,55,middle-age,female,disgust,b
073_m_f_f_a,073,55,middle-age,female,fear,a
073_m_f_f_b,073,55,middle-age,female,fear,b
073_m_f_h_a,073,55,middle-age,female,happiness,a
073_m_f_h_b,073,55,middle-age,female,happiness,b
073_m_f_n_a,073,55,middle-age,female,neutrality,a
073_m_f_n_b,073,55,middle-age,female,neutrality,b
073_m_f_s_a,073,55,middle-age,female,sadness,a
073_m_f_s_b,073,55,middle-age,female,sadness,b
074_o_m_a_a,074,71,old,male,anger,a
074_o_m_a_b,074,71,old,male,anger,b
074_o_m_d_a,074,71,old,male,disgust,a
074_o_m_d_b,074,71,old,male,disgust,b
074_o_m_f_a,074,71,old,male,fear,a
074_o_m_f_b,074,71,old,male,fear,b
074_o_m_h_a,074,71,old,male,happiness,a
074_o_m_h_b,074,71,old,male,happiness,b
074_o_m_n_a,074,71,old,male,neutrality,a
074_o_m_n_b,074,71,old,male,neutrality,b
074_o_m_s_a,074,71,old,male,sadness,a
074_o_m_s_b,074,71,old,male,sadness,b
075_o_f_a_a,075,79,old,female,anger,a
075_o_f_a_b,075,79,old,female,anger,b
075_o_f_d_a,075,79,old,female,disgust,a
075_o_f_d_b,075,79,old,female,disgust,b
075_o_f_f_a,075,79,old,female,fear,a
075_o_f_f_b,075,79,old,female,fear,b
075_o_f_h_a,075,79,old,female,happiness,a
075_o_f_h_b,075,79,old,female,happiness,b
075_o_f_n_a,075,79,old,female,neutrality,a
075_o_f_n_b,075,79,old,female,neutrality,b
075_o_f_s_a,075,79,old,female,sadness,a
075_o_f_s_b,075,79,old,female,sadness,b
076_o_m_a_a,076,72,old,male,anger,a
076_o_m_a_b,076,72,old,male,anger,b
076_o_m_d_a,076,72,old,male,disgust,a
076_o_m_d_b,076,72,old,male,disgust,b
076_o_m_f_a,076,72,old,male,fear,a
076_o_m_f_b,076,72,old,male,fear,b
076_o_m_h_a,076,72,old,male,happiness,a
076_o_m_h_b,076,72,old,male,happiness,b
076_o_m_n_a,076,72,old,male,neutrality,a
076_o_m_n_b,076,72,old,male,neutrality,b
076_o_m_s_a,076,72,old,male,sadness,a
076_o_m_s_b,076,72,old,male,sadness,b
077_m_m_a_a,077,50,middle-age,male,anger,a
077_m_m_a_b,077,50,middle-age,male,anger,b
077_m_m_d_a,077,50,middle-age,male,disgust,a
077_m_m_d_b,077,50,middle-age,male,disgust,b
077_m_m_f_a,077,50,middle-age,male,fear,a
077_m_m_f_b,077,50,middle-age,male,fear,b
077_m_m_h_a,077,50,middle-age,male,happiness,a
077_m_m_h_b,077,50,middle-age,male,happiness,b
077_m_m_n_a,077,50,middle-age,male,neutrality,a
077_m_m_n_b,077,50,middle-age,male,neutrality,b
077_m_m_s_a,077,50,middle-age,male,sadness,a
077_m_m_s_b,077,50,middle-age,male,sadness,b
079_o_f_a_a,079,77,old,female,anger,a
079_o_f_a_b,079,77,old,female,anger,b
079_o_f_d_a,079,77,old,female,disgust,a
079_o_f_d_b,079,77,old,female,disgust,b
079_o_f_f_a,079,77,old,female,fear,a
079_o_f_f_b,079,77,old,female,fear,b
079_o_f_h_a,079,77,old,female,happiness,a
079_o_f_h_b,079,77,old,female,happiness,b
079_o_f_n_a,079,77,old,female,neutrality,a
079_o_f_n_b,079,77,old,female,neutrality,b
079_o_f_s_a,079,77,old,female,sadness,a
079_o_f_s_b,079,77,old,female,sadness,b
080_m_f_a_a,080,53,middle-age,female,anger,a
080_m_f_a_b,080,53,middle-age,female,anger,b
080_m_f_d_a,080,53,middle-age,female,disgust,a
080_m_f_d_b,080,53,middle-age,female,disgust,b
080_m_f_f_a,080,53,middle-age,female,fear,a
080_m_f_f_b,080,53,middle-age,female,fear,b
080_m_f_h_a,080,53,middle-age,female,happiness,a
080_m_f_h_b,080,53,middle-age,female,happiness,b
080_m_f_n_a,080,53,middle-age,female,neutrality,a
080_m_f_n_b,080,53,middle-age,female,neutrality,b
080_m_f_s_a,080,53,middle-age,female,sadness,a
080_m_f_s_b,080,53,middle-age,female,sadness,b
081_y_m_a_a,081,26,young,male,anger,a
081_y_m_a_b,081,26,young,male,anger,b
081_y_m_d_a,081,26,young,male,disgust,a
081_y_m_d_b,081,26,young,male,disgust,b
081_y_m_f_a,081,26,young,male,fear,a
081_y_m_f_b,081,26,young,male,fear,b
081_y_m_h_a,081,26,young,male,happiness,a
081_y_m_h_b,081,26,young,male,happiness,b
081_y_m_n_a,081,26,young,male,neutrality,a
081_y_m_n_b,081,26,young,male,neutrality,b
081_y_m_s_a,081,26,young,male,sadness,a
081_y_m_s_b,081,26,young,male,sadness,b
082_m_m_a_a,082,50,middle-age,male,anger,a
082_m_m_a_b,082,50,middle-age,male,anger,b
082_m_m_d_a,082,50,middle-age,male,disgust,a
082_m_m_d_b,082,50,middle-age,male,disgust,b
082_m_m_f_a,082,50,middle-age,male,fear,a
082_m_m_f_b,082,50,middle-age,male,fear,b
082_m_m_h_a,082,50,middle-age,male,happiness,a
082_m_m_h_b,082,50,middle-age,male,happiness,b
082_m_m_n_a,082,50,middle-age,male,neutrality,a
082_m_m_n_b,082,50,middle-age,male,neutrality,b
082_m_m_s_a,082,50,middle-age,male,sadness,a
082_m_m_s_b,082,50,middle-age,male,sadness,b
083_o_m_a_a,083,73,old,male,anger,a
083_o_m_a_b,083,73,old,male,anger,b
083_o_m_d_a,083,73,old,male,disgust,a
083_o_m_d_b,083,73,old,male,disgust,b
083_o_m_f_a,083,73,old,male,fear,a
083_o_m_f_b,083,73,old,male,fear,b
083_o_m_h_a,083,73,old,male,happiness,a
083_o_m_h_b,083,73,old,male,happiness,b
083_o_m_n_a,083,73,old,male,neutrality,a
083_o_m_n_b,083,73,old,male,neutrality,b
083_o_m_s_a,083,73,old,male,sadness,a
083_o_m_s_b,083,73,old,male,sadness,b
084_m_f_a_a,084,54,middle-age,female,anger,a
084_m_f_a_b,084,54,middle-age,female,anger,b
084_m_f_d_a,084,54,middle-age,female,disgust,a
084_m_f_d_b,084,54,middle-age,female,disgust,b
084_m_f_f_a,084,54,middle-age,female,fear,a
084_m_f_f_b,084,54,middle-age,female,fear,b
084_m_f_h_a,084,54,middle-age,female,happiness,a
084_m_f_h_b,084,54,middle-age,female,happiness,b
084_m_f_n_a,084,54,middle-age,female,neutrality,a
084_m_f_n_b,084,54,middle-age,female,neutrality,b
084_m_f_s_a,084,54,middle-age,female,sadness,a
084_m_f_s_b,084,54,middle-age,female,sadness,b
085_y_f_a_a,085,30,young,female,anger,a
085_y_f_a_b,085,30,young,female,anger,b
085_y_f_d_a,085,30,young,female,disgust,a
085_y_f_d_b,085,30,young,female,disgust,b
085_y_f_f_a,085,30,young,female,fear,a
085_y_f_f_b,085,30,young,female,fear,b
085_y_f_h_a,085,30,young,female,happiness,a
085_y_f_h_b,085,30,young,female,happiness,b
085_y_f_n_a,085,30,young,female,neutrality,a
085_y_f_n_b,085,30,young,female,neutrality,b
085_y_f_s_a,085,30,young,female,sadness,a
085_y_f_s_b,085,30,young,female,sadness,b
086_o_f_a_a,086,75,old,female,anger,a
086_o_f_a_b,086,75,old,female,anger,b
086_o_f_d_a,086,75,old,female,disgust,a
086_o_f_d_b,086,75,old,female,disgust,b
086_o_f_f_a,086,75,old,female,fear,a
086_o_f_f_b,086,75,old,female,fear,b
086_o_f_h_a,086,75,old,female,happiness,a
086_o_f_h_b,086,75,old,female,happiness,b
086_o_f_n_a,086,75,old,female,neutrality,a
086_o_f_n_b,086,75,old,female,neutrality,b
086_o_f_s_a,086,75,old,female,sadness,a
086_o_f_s_b,086,75,old,female,sadness,b
087_m_m_a_a,087,39,middle-age,male,anger,a
087_m_m_a_b,087,39,middle-age,male,anger,b
087_m_m_d_a,087,39,middle-age,male,disgust,a
087_m_m_d_b,087,39,middle-age,male,disgust,b
087_m_m_f_a,087,39,middle-age,male,fear,a
087_m_m_f_b,087,39,middle-age,male,fear,b
087_m_m_h_a,087,39,middle-age,male,happiness,a
087_m_m_h_b,087,39,middle-age,male,happiness,b
087_m_m_n_a,087,39,middle-age,male,neutrality,a
087_m_m_n_b,087,39,middle-age,male,neutrality,b
087_m_m_s_a,087,39,middle-age,male,sadness,a
087_m_m_s_b,087,39,middle-age,male,sadness,b
088_o_f_a_a,088,72,old,female,anger,a
088_o_f_a_b,088,72,old,female,anger,b
088_o_f_d_a,088,72,old,female,disgust,a
088_o_f_d_b,088,72,old,female,disgust,b
088_o_f_f_a,088,72,old,female,fear,a
088_o_f_f_b,088,72,old,female,fear,b
088_o_f_h_a,088,72,old,female,happiness,a
088_o_f_h_b,088,72,old,female,happiness,b
088_o_f_n_a,088,72,old,female,neutrality,a
088_o_f_n_b,088,72,old,female,neutrality,b
088_o_f_s_a,088,72,old,female,sadness,a
088_o_f_s_b,088,72,old,female,sadness,b
089_y_m_a_a,089,22,young,male,anger,a
089_y_m_a_b,089,22,young,male,anger,b
089_y_m_d_a,089,22,young,male,disgust,a
089_y_m_d_b,089,22,young,male,disgust,b
089_y_m_f_a,089,22,young,male,fear,a
089_y_m_f_b,089,22,young,male,fear,b
089_y_m_h_a,089,22,young,male,happiness,a
089_y_m_h_b,089,22,young,male,happiness,b
089_y_m_n_a,089,22,young,male,neutrality,a
089_y_m_n_b,089,22,young,male,neutrality,b
089_y_m_s_a,089,22,young,male,sadness,a
089_y_m_s_b,089,22,young,male,sadness,b
090_y_f_a_a,090,21,young,female,anger,a
090_y_f_a_b,090,21,young,female,anger,b
090_y_f_d_a,090,21,young,female,disgust,a
090_y_f_d_b,090,21,young,female,disgust,b
090_y_f_f_a,090,21,young,female,fear,a
090_y_f_f_b,090,21,young,female,fear,b
090_y_f_h_a,090,21,young,female,happiness,a
090_y_f_h_b,090,21,young,female,happiness,b
090_y_f_n_a,090,21,young,female,neutrality,a
090_y_f_n_b,090,21,young,female,neutrality,b
090_y_f_s_a,090,21,young,female,sadness,a
090_y_f_s_b,090,21,young,female,sadness,b
091_o_m_a_a,091,78,old,male,anger,a
091_o_m_a_b,091,78,old,male,anger,b
091_o_m_d_a,091,78,old,male,disgust,a
091_o_m_d_b,091,78,old,male,disgust,b
091_o_m_f_a,091,78,old,male,fear,a
091_o_m_f_b,091,78,old,male,fear,b
091_o_m_h_a,091,78,old,male,happiness,a
091_o_m_h_b,091,78,old,male,happiness,b
091_o_m_n_a,091,78,old,male,neutrality,a
091_o_m_n_b,091,78,old,male,neutrality,b
091_o_m_s_a,091,78,old,male,sadness,a
091_o_m_s_b,091,78,old,male,sadness,b
092_m_m_a_a,092,53,middle-age,male,anger,a
092_m_m_a_b,092,53,middle-age,male,anger,b
092_m_m_d_a,092,53,middle-age,male,disgust,a
092_m_m_d_b,092,53,middle-age,male,disgust,b
092_m_m_f_a,092,53,middle-age,male,fear,a
092_m_m_f_b,092,53,middle-age,male,fear,b
092_m_m_h_a,092,53,middle-age,male,happiness,a
092_m_m_h_b,092,53,middle-age,male,happiness,b
092_m_m_n_a,092,53,middle-age,male,neutrality,a
092_m_m_n_b,092,53,middle-age,male,neutrality,b
092_m_m_s_a,092,53,middle-age,male,sadness,a
092_m_m_s_b,092,53,middle-age,male,sadness,b
093_m_f_a_a,093,47,middle-age,female,anger,a
093_m_f_a_b,093,47,middle-age,female,anger,b
093_m_f_d_a,093,47,middle-age,female,disgust,a
093_m_f_d_b,093,47,middle-age,female,disgust,b
093_m_f_f_a,093,47,middle-age,female,fear,a
093_m_f_f_b,093,47,middle-age,female,fear,b
093_m_f_h_a,093,47,middle-age,female,happiness,a
093_m_f_h_b,093,47,middle-age,female,happiness,b
093_m_f_n_a,093,47,middle-age,female,neutrality,a
093_m_f_n_b,093,47,middle-age,female,neutrality,b
093_m_f_s_a,093,47,middle-age,female,sadness,a
093_m_f_s_b,093,47,middle-age,female,sadness,b
094_m_m_a_a,094,48,middle-age,male,anger,a
094_m_m_a_b,094,48,middle-age,male,anger,b
094_m_m_d_a,094,48,middle-age,male,disgust,a
094_m_m_d_b,094,48,middle-age,male,disgust,b
094_m_m_f_a,094,48,middle-age,male,fear,a
094_m_m_f_b,094,48,middle-age,male,fear,b
094_m_m_h_a,094,48,middle-age,male,happiness,a
094_m_m_h_b,094,48,middle-age,male,happiness,b
094_m_m_n_a,094,48,middle-age,male,neutrality,a
094_m_m_n_b,094,48,middle-age,male,neutrality,b
094_m_m_s_a,094,48,middle-age,male,sadness,a
094_m_m_s_b,094,48,middle-age,male,sadness,b
096_o_f_a_a,096,71,old,female,anger,a
096_o_f_a_b,096,71,old,female,anger,b
096_o_f_d_a,096,71,old,female,disgust,a
096_o_f_d_b,096,71,old,female,disgust,b
096_o_f_f_a,096,71,old,female,fear,a
096_o_f_f_b,096,71,old,female,fear,b
096_o_f_h_a,096,71,old,female,happiness,a
096_o_f_h_b,096,71,old,female,happiness,b
096_o_f_n_a,096,71,old,female,neutrality,a
096_o_f_n_b,096,71,old,female,neutrality,b
096_o_f_s_a,096,71,old,female,sadness,a
096_o_f_s_b,096,71,old,female,sadness,b
097_m_f_a_a,097,54,middle-age,female,anger,a
097_m_f_a_b,097,54,middle-age,female,anger,b
097_m_f_d_a,097,54,middle-age,female,disgust,a
097_m_f_d_b,097,54,middle-age,female,disgust,b
097_m_f_f_a,097,54,middle-age,female,fear,a
097_m_f_f_b,097,54,middle-age,female,fear,b
097_m_f_h_a,097,54,middle-age,female,happiness,a
097_m_f_h_b,097,54,middle-age,female,happiness,b
097_m_f_n_a,097,54,middle-age,female,neutrality,a
097_m_f_n_b,097,54,middle-age,female,neutrality,b
097_m_f_s_a,097,54,middle-age,female,sadness,a
097_m_f_s_b,097,54,middle-age,female,sadness,b
098_y_f_a_a,098,20,young,female,anger,a
098_y_f_a_b,098,20,young,female,anger,b
098_y_f_d_a,098,20,young,female,disgust,a
098_y_f_d_b,098,20,young,female,disgust,b
098_y_f_f_a,098,20,young,female,fear,a
098_y_f_f_b,098,20,young,female,fear,b
098_y_f_h_a,098,20,young,female,happiness,a
098_y_f_h_b,098,20,young,female,happiness,b
098_y_f_n_a,098,20,young,female,neutrality,a
098_y_f_n_b,098,20,young,female,neutrality,b
098_y_f_s_a,098,20,young,female,sadness,a
098_y_f_s_b,098,20,young,female,sadness,b
099_y_m_a_a,099,30,young,male,anger,a
099_y_m_a_b,099,30,young,male,anger,b
099_y_m_d_a,099,30,young,male,disgust,a
099_y_m_d_b,099,30,young,male,disgust,b
099_y_m_f_a,099,30,young,male,fear,a
099_y_m_f_b,099,30,young,male,fear,b
099_y_m_h_a,099,30,young,male,happiness,a
099_y_m_h_b,099,30,young,male,happiness,b
099_y_m_n_a,099,30,young,male,neutrality,a
099_y_m_n_b,099,30,young,male,neutrality,b
099_y_m_s_a,099,30,young,male,sadness,a
099_y_m_s_b,099,30,young,male,sadness,b
100_o_f_a_a,100,73,old,female,anger,a
100_o_f_a_b,100,73,old,female,anger,b
100_o_f_d_a,100,73,old,female,disgust,a
100_o_f_d_b,100,73,old,female,disgust,b
100_o_f_f_a,100,73,old,female,fear,a
100_o_f_f_b,100,73,old,female,fear,b
100_o_f_h_a,100,73,old,female,happiness,a
100_o_f_h_b,100,73,old,female,happiness,b
100_o_f_n_a,100,73,old,female,neutrality,a
100_o_f_n_b,100,73,old,female,neutrality,b
100_o_f_s_a,100,73,old,female,sadness,a
100_o_f_s_b,100,73,old,female,sadness,b
101_y_f_a_a,101,22,young,female,anger,a
101_y_f_a_b,101,22,young,female,anger,b
101_y_f_d_a,101,22,young,female,disgust,a
101_y_f_d_b,101,22,young,female,disgust,b
101_y_f_f_a,101,22,young,female,fear,a
101_y_f_f_b,101,22,young,female,fear,b
101_y_f_h_a,101,22,young,female,happiness,a
101_y_f_h_b,101,22,young,female,happiness,b
101_y_f_n_a,101,22,young,female,neutrality,a
101_y_f_n_b,101,22,young,female,neutrality,b
101_y_f_s_a,101,22,young,female,sadness,a
101_y_f_s_b,101,22,young,female,sadness,b
102_o_m_a_a,102,70,old,male,anger,a
102_o_m_a_b,102,70,old,male,anger,b
102_o_m_d_a,102,70,old,male,disgust,a
102_o_m_d_b,102,70,old,male,disgust,b
102_o_m_f_a,102,70,old,male,fear,a
102_o_m_f_b,102,70,old,male,fear,b
102_o_m_h_a,102,70,old,male,happiness,a
102_o_m_h_b,102,70,old,male,happiness,b
102_o_m_n_a,102,70,old,male,neutrality,a
102_o_m_n_b,102,70,old,male,neutrality,b
102_o_m_s_a,102,70,old,male,sadness,a
102_o_m_s_b,102,70,old,male,sadness,b
103_m_f_a_a,103,49,middle-age,female,anger,a
103_m_f_a_b,103,49,middle-age,female,anger,b
103_m_f_d_a,103,49,middle-age,female,disgust,a
103_m_f_d_b,103,49,middle-age,female,disgust,b
103_m_f_f_a,103,49,middle-age,female,fear,a
103_m_f_f_b,103,49,middle-age,female,fear,b
103_m_f_h_a,103,49,middle-age,female,happiness,a
103_m_f_h_b,103,49,middle-age,female,happiness,b
103_m_f_n_a,103,49,middle-age,female,neutrality,a
103_m_f_n_b,103,49,middle-age,female,neutrality,b
103_m_f_s_a,103,49,middle-age,female,sadness,a
103_m_f_s_b,103,49,middle-age,female,sadness,b
104_m_m_a_a,104,45,middle-age,male,anger,a
104_m_m_a_b,104,45,middle-age,male,anger,b
104_m_m_d_a,104,45,middle-age,male,disgust,a
104_m_m_d_b,104,45,middle-age,male,disgust,b
104_m_m_f_a,104,45,middle-age,male,fear,a
104_m_m_f_b,104,45,middle-age,male,fear,b
104_m_m_h_a,104,45,middle-age,male,happiness,a
104_m_m_h_b,104,45,middle-age,male,happiness,b
104_m_m_n_a,104,45,middle-age,male,neutrality,a
104_m_m_n_b,104,45,middle-age,male,neutrality,b
104_m_m_s_a,104,45,middle-age,male,sadness,a
104_m_m_s_b,104,45,middle-age,male,sadness,b
105_y_m_a_a,105,21,young,male,anger,a
105_y_m_a_b,105,21,young,male,anger,b
105_y_m_d_a,105,21,young,male,disgust,a
105_y_m_d_b,105,21,young,male,disgust,b
105_y_m_f_a,105,21,young,male,fear,a
105_y_m_f_b,105,21,young,male,fear,b
105_y_m_h_a,105,21,young,male,happiness,a
105_y_m_h_b,105,21,young,male,happiness,b
105_y_m_n_a,105,21,young,male,neutrality,a
105_y_m_n_b,105,21,young,male,neutrality,b
105_y_m_s_a,105,21,young,male,sadness,a
105_y_m_s_b,105,21,young,male,sadness,b
106_y_f_a_a,106,20,young,female,anger,a
106_y_f_a_b,106,20,young,female,anger,b
106_y_f_d_a,106,20,young,female,disgust,a
106_y_f_d_b,106,20,young,female,disgust,b
106_y_f_f_a,106,20,young,female,fear,a
106_y_f_f_b,106,20,young,female,fear,b
106_y_f_h_a,106,20,young,female,happiness,a
106_y_f_h_b,106,20,young,female,happiness,b
106_y_f_n_a,106,20,young,female,neutrality,a
106_y_f_n_b,106,20,young,female,neutrality,b
106_y_f_s_a,106,20,young,female,sadness,a
106_y_f_s_b,106,20,young,female,sadness,b
107_o_m_a_a,107,71,old,male,anger,a
107_o_m_a_b,107,71,old,male,anger,b
107_o_m_d_a,107,71,old,male,disgust,a
107_o_m_d_b,107,71,old,male,disgust,b
107_o_m_f_a,107,71,old,male,fear,a
107_o_m_f_b,107,71,old,male,fear,b
107_o_m_h_a,107,71,old,male,happiness,a
107_o_m_h_b,107,71,old,male,happiness,b
107_o_m_n_a,107,71,old,male,neutrality,a
107_o_m_n_b,107,71,old,male,neutrality,b
107_o_m_s_a,107,71,old,male,sadness,a
107_o_m_s_b,107,71,old,male,sadness,b
108_m_m_a_a,108,53,middle-age,male,anger,a
108_m_m_a_b,108,53,middle-age,male,anger,b
108_m_m_d_a,108,53,middle-age,male,disgust,a
108_m_m_d_b,108,53,middle-age,male,disgust,b
108_m_m_f_a,108,53,middle-age,male,fear,a
108_m_m_f_b,108,53,middle-age,male,fear,b
108_m_m_h_a,108,53,middle-age,male,happiness,a
108_m_m_h_b,108,53,middle-age,male,happiness,b
108_m_m_n_a,108,53,middle-age,male,neutrality,a
108_m_m_n_b,108,53,middle-age,male,neutrality,b
108_m_m_s_a,108,53,middle-age,male,sadness,a
108_m_m_s_b,108,53,middle-age,male,sadness,b
109_y_m_a_a,109,23,young,male,anger,a
109_y_m_a_b,109,23,young,male,anger,b
109_y_m_d_a,109,23,young,male,disgust,a
109_y_m_d_b,109,23,young,male,disgust,b
109_y_m_f_a,109,23,young,male,fear,a
109_y_m_f_b,109,23,young,male,fear,b
109_y_m_h_a,109,23,young,male,happiness,a
109_y_m_h_b,109,23,young,male,happiness,b
109_y_m_n_a,109,23,young,male,neutrality,a
109_y_m_n_b,109,23,young,male,neutrality,b
109_y_m_s_a,109,23,young,male,sadness,a
109_y_m_s_b,109,23,young,male,sadness,b
110_o_f_a_a,110,76,old,female,anger,a
110_o_f_a_b,110,76,old,female,anger,b
110_o_f_d_a,110,76,old,female,disgust,a
110_o_f_d_b,110,76,old,female,disgust,b
110_o_f_f_a,110,76,old,female,fear,a
110_o_f_f_b,110,76,old,female,fear,b
110_o_f_h_a,110,76,old,female,happiness,a
110_o_f_h_b,110,76,old,female,happiness,b
110_o_f_n_a,110,76,old,female,neutrality,a
110_o_f_n_b,110,76,old,female,neutrality,b
110_o_f_s_a,110,76,old,female,sadness,a
110_o_f_s_b,110,76,old,female,sadness,b
111_m_f_a_a,111,47,middle-age,female,anger,a
111_m_f_a_b,111,47,middle-age,female,anger,b
111_m_f_d_a,111,47,middle-age,female,disgust,a
111_m_f_d_b,111,47,middle-age,female,disgust,b
111_m_f_f_a,111,47,middle-age,female,fear,a
111_m_f_f_b,111,47,middle-age,female,fear,b
111_m_f_h_a,111,47,middle-age,female,happiness,a
111_m_f_h_b,111,47,middle-age,female,happiness,b
111_m_f_n_a,111,47,middle-age,female,neutrality,a
111_m_f_n_b,111,47,middle-age,female,neutrality,b
111_m_f_s_a,111,47,middle-age,female,sadness,a
111_m_f_s_b,111,47,middle-age,female,sadness,b
112_o_f_a_a,112,78,old,female,anger,a
112_o_f_a_b,112,78,old,female,anger,b
112_o_f_d_a,112,78,old,female,disgust,a
112_o_f_d_b,112,78,old,female,disgust,b
112_o_f_f_a,112,78,old,female,fear,a
112_o_f_f_b,112,78,old,female,fear,b
112_o_f_h_a,112,78,old,female,happiness,a
112_o_f_h_b,112,78,old,female,happiness,b
112_o_f_n_a,112,78,old,female,neutrality,a
112_o_f_n_b,112,78,old,female,neutrality,b
112_o_f_s_a,112,78,old,female,sadness,a
112_o_f_s_b,112,78,old,female,sadness,b
113_m_f_a_a,113,50,middle-age,female,anger,a
113_m_f_a_b,113,50,middle-age,female,anger,b
113_m_f_d_a,113,50,middle-age,female,disgust,a
113_m_f_d_b,113,50,middle-age,female,disgust,b
113_m_f_f_a,113,50,middle-age,female,fear,a
113_m_f_f_b,113,50,middle-age,female,fear,b
113_m_f_h_a,113,50,middle-age,female,happiness,a
113_m_f_h_b,113,50,middle-age,female,happiness,b
113_m_f_n_a,113,50,middle-age,female,neutrality,a
113_m_f_n_b,113,50,middle-age,female,neutrality,b
113_m_f_s_a,113,50,middle-age,female,sadness,a
113_m_f_s_b,113,50,middle-age,female,sadness,b
114_y_m_a_a,114,26,young,male,anger,a
114_y_m_a_b,114,26,young,male,anger,b
114_y_m_d_a,114,26,young,male,disgust,a
114_y_m_d_b,114,26,young,male,disgust,b
114_y_m_f_a,114,26,young,male,fear,a
114_y_m_f_b,114,26,young,male,fear,b
114_y_m_h_a,114,26,young,male,happiness,a
114_y_m_h_b,114,26,young,male,happiness,b
114_y_m_n_a,114,26,young,male,neutrality,a
114_y_m_n_b,114,26,young,male,neutrality,b
114_y_m_s_a,114,26,young,male,sadness,a
114_y_m_s_b,114,26,young,male,sadness,b
115_y_f_a_a,115,23,young,female,anger,a
115_y_f_a_b,115,23,young,female,anger,b
115_y_f_d_a,115,23,young,female,disgust,a
115_y_f_d_b,115,23,young,female,disgust,b
115_y_f_f_a,115,23,young,female,fear,a
115_y_f_f_b,115,23,young,female,fear,b
115_y_f_h_a,115,23,young,female,happiness,a
115_y_f_h_b,115,23,young,female,happiness,b
115_y_f_n_a,115,23,young,female,neutrality,a
115_y_f_n_b,115,23,young,female,neutrality,b
115_y_f_s_a,115,23,young,female,sadness,a
115_y_f_s_b,115,23,young,female,sadness,b
116_m_m_a_a,116,45,middle-age,male,anger,a
116_m_m_a_b,116,45,middle-age,male,anger,b
116_m_m_d_a,116,45,middle-age,male,disgust,a
116_m_m_d_b,116,45,middle-age,male,disgust,b
116_m_m_f_a,116,45,middle-age,male,fear,a
116_m_m_f_b,116,45,middle-age,male,fear,b
116_m_m_h_a,116,45,middle-age,male,happiness,a
116_m_m_h_b,116,45,middle-age,male,happiness,b
116_m_m_n_a,116,45,middle-age,male,neutrality,a
116_m_m_n_b,116,45,middle-age,male,neutrality,b
116_m_m_s_a,116,45,middle-age,male,sadness,a
116_m_m_s_b,116,45,middle-age,male,sadness,b
117_m_f_a_a,117,45,middle-age,female,anger,a
117_m_f_a_b,117,45,middle-age,female,anger,b
117_m_f_d_a,117,45,middle-age,female,disgust,a
117_m_f_d_b,117,45,middle-age,female,disgust,b
117_m_f_f_a,117,45,middle-age,female,fear,a
117_m_f_f_b,117,45,middle-age,female,fear,b
117_m_f_h_a,117,45,middle-age,female,happiness,a
117_m_f_h_b,117,45,middle-age,female,happiness,b
117_m_f_n_a,117,45,middle-age,female,neutrality,a
117_m_f_n_b,117,45,middle-age,female,neutrality,b
117_m_f_s_a,117,45,middle-age,female,sadness,a
117_m_f_s_b,117,45,middle-age,female,sadness,b
118_o_m_a_a,118,70,old,male,anger,a
118_o_m_a_b,118,70,old,male,anger,b
118_o_m_d_a,118,70,old,male,disgust,a
118_o_m_d_b,118,70,old,male,disgust,b
118_o_m_f_a,118,70,old,male,fear,a
118_o_m_f_b,118,70,old,male,fear,b
118_o_m_h_a,118,70,old,male,happiness,a
118_o_m_h_b,118,70,old,male,happiness,b
118_o_m_n_a,118,70,old,male,neutrality,a
118_o_m_n_b,118,70,old,male,neutrality,b
118_o_m_s_a,118,70,old,male,sadness,a
118_o_m_s_b,118,70,old,male,sadness,b
119_y_m_a_a,119,21,young,male,anger,a
119_y_m_a_b,119,21,young,male,anger,b
119_y_m_d_a,119,21,young,male,disgust,a
119_y_m_d_b,119,21,young,male,disgust,b
119_y_m_f_a,119,21,young,male,fear,a
119_y_m_f_b,119,21,young,male,fear,b
119_y_m_h_a,119,21,young,male,happiness,a
119_y_m_h_b,119,21,young,male,happiness,b
119_y_m_n_a,119,21,young,male,neutrality,a
119_y_m_n_b,119,21,young,male,neutrality,b
119_y_m_s_a,119,21,young,male,sadness,a
119_y_m_s_b,119,21,young,male,sadness,b
120_o_f_a_a,120,73,old,female,anger,a
120_o_f_a_b,120,73,old,female,anger,b
120_o_f_d_a,120,73,old,female,disgust,a
120_o_f_d_b,120,73,old,female,disgust,b
120_o_f_f_a,120,73,old,female,fear,a
120_o_f_f_b,120,73,old,female,fear,b
120_o_f_h_a,120,73,old,female,happiness,a
120_o_f_h_b,120,73,old,female,happiness,b
120_o_f_n_a,120,73,old,female,neutrality,a
120_o_f_n_b,120,73,old,female,neutrality,b
120_o_f_s_a,120,73,old,female,sadness,a
120_o_f_s_b,120,73,old,female,sadness,b
121_o_m_a_a,121,72,old,male,anger,a
121_o_m_a_b,121,72,old,male,anger,b
121_o_m_d_a,121,72,old,male,disgust,a
121_o_m_d_b,121,72,old,male,disgust,b
121_o_m_f_a,121,72,old,male,fear,a
121_o_m_f_b,121,72,old,male,fear,b
121_o_m_h_a,121,72,old,male,happiness,a
121_o_m_h_b,121,72,old,male,happiness,b
121_o_m_n_a,121,72,old,male,neutrality,a
121_o_m_n_b,121,72,old,male,neutrality,b
121_o_m_s_a,121,72,old,male,sadness,a
121_o_m_s_b,121,72,old,male,sadness,b
122_m_f_a_a,122,53,middle-age,female,anger,a
122_m_f_a_b,122,53,middle-age,female,anger,b
122_m_f_d_a,122,53,middle-age,female,disgust,a
122_m_f_d_b,122,53,middle-age,female,disgust,b
122_m_f_f_a,122,53,middle-age,female,fear,a
122_m_f_f_b,122,53,middle-age,female,fear,b
122_m_f_h_a,122,53,middle-age,female,happiness,a
122_m_f_h_b,122,53,middle-age,female,happiness,b
122_m_f_n_a,122,53,middle-age,female,neutrality,a
122_m_f_n_b,122,53,middle-age,female,neutrality,b
122_m_f_s_a,122,53,middle-age,female,sadness,a
122_m_f_s_b,122,53,middle-age,female,sadness,b
123_y_m_a_a,123,20,young,male,anger,a
123_y_m_a_b,123,20,young,male,anger,b
123_y_m_d_a,123,20,young,male,disgust,a
123_y_m_d_b,123,20,young,male,disgust,b
123_y_m_f_a,123,20,young,male,fear,a
123_y_m_f_b,123,20,young,male,fear,b
123_y_m_h_a,123,20,young,male,happiness,a
123_y_m_h_b,123,20,young,male,happiness,b
123_y_m_n_a,123,20,young,male,neutrality,a
123_y_m_n_b,123,20,young,male,neutrality,b
123_y_m_s_a,123,20,young,male,sadness,a
123_y_m_s_b,123,20,young,male,sadness,b
124_o_f_a_a,124,74,old,female,anger,a
124_o_f_a_b,124,74,old,female,anger,b
124_o_f_d_a,124,74,old,female,disgust,a
124_o_f_d_b,124,74,old,female,disgust,b
124_o_f_f_a,124,74,old,female,fear,a
124_o_f_f_b,124,74,old,female,fear,b
124_o_f_h_a,124,74,old,female,happiness,a
124_o_f_h_b,124,74,old,female,happiness,b
124_o_f_n_a,124,74,old,female,neutrality,a
124_o_f_n_b,124,74,old,female,neutrality,b
124_o_f_s_a,124,74,old,female,sadness,a
124_o_f_s_b,124,74,old,female,sadness,b
125_y_f_a_a,125,21,young,female,anger,a
125_y_f_a_b,125,21,young,female,anger,b
125_y_f_d_a,125,21,young,female,disgust,a
125_y_f_d_b,125,21,young,female,disgust,b
125_y_f_f_a,125,21,young,female,fear,a
125_y_f_f_b,125,21,young,female,fear,b
125_y_f_h_a,125,21,young,female,happiness,a
125_y_f_h_b,125,21,young,female,happiness,b
125_y_f_n_a,125,21,young,female,neutrality,a
125_y_f_n_b,125,21,young,female,neutrality,b
125_y_f_s_a,125,21,young,female,sadness,a
125_y_f_s_b,125,21,young,female,sadness,b
126_m_m_a_a,126,50,middle-age,male,anger,a
126_m_m_a_b,126,50,middle-age,male,anger,b
126_m_m_d_a,126,50,middle-age,male,disgust,a
126_m_m_d_b,126,50,middle-age,male,disgust,b
126_m_m_f_a,126,50,middle-age,male,fear,a
126_m_m_f_b,126,50,middle-age,male,fear,b
126_m_m_h_a,126,50,middle-age,male,happiness,a
126_m_m_h_b,126,50,middle-age,male,happiness,b
126_m_m_n_a,126,50,middle-age,male,neutrality,a
126_m_m_n_b,126,50,middle-age,male,neutrality,b
126_m_m_s_a,126,50,middle-age,male,sadness,a
126_m_m_s_b,126,50,middle-age,male,sadness,b
127_y_m_a_a,127,28,young,male,anger,a
127_y_m_a_b,127,28,young,male,anger,b
127_y_m_d_a,127,28,young,male,disgust,a
127_y_m_d_b,127,28,young,male,disgust,b
127_y_m_f_a,127,28,young,male,fear,a
127_y_m_f_b,127,28,young,male,fear,b
127_y_m_h_a,127,28,young,male,happiness,a
127_y_m_h_b,127,28,young,male,happiness,b
127_y_m_n_a,127,28,young,male,neutrality,a
127_y_m_n_b,127,28,young,male,neutrality,b
127_y_m_s_a,127,28,young,male,sadness,a
127_y_m_s_b,127,28,young,male,sadness,b
128_m_f_a_a,128,51,middle-age,female,anger,a
128_m_f_a_b,128,51,middle-age,female,anger,b
128_m_f_d_a,128,51,middle-age,female,disgust,a
128_m_f_d_b,128,51,middle-age,female,disgust,b
128_m_f_f_a,128,51,middle-age,female,fear,a
128_m_f_f_b,128,51,middle-age,female,fear,b
128_m_f_h_a,128,51,middle-age,female,happiness,a
128_m_f_h_b,128,51,middle-age,female,happiness,b
128_m_f_n_a,128,51,middle-age,female,neutrality,a
128_m_f_n_b,128,51,middle-age,female,neutrality,b
128_m_f_s_a,128,51,middle-age,female,sadness,a
128_m_f_s_b,128,51,middle-age,female,sadness,b
130_o_f_a_a,130,74,old,female,anger,a
130_o_f_a_b,130,74,old,female,anger,b
130_o_f_d_a,130,74,old,female,disgust,a
130_o_f_d_b,130,74,old,female,disgust,b
130_o_f_f_a,130,74,old,female,fear,a
130_o_f_f_b,130,74,old,female,fear,b
130_o_f_h_a,130,74,old,female,happiness,a
130_o_f_h_b,130,74,old,female,happiness,b
130_o_f_n_a,130,74,old,female,neutrality,a
130_o_f_n_b,130,74,old,female,neutrality,b
130_o_f_s_a,130,74,old,female,sadness,a
130_o_f_s_b,130,74,old,female,sadness,b
131_o_m_a_a,131,71,old,male,anger,a
131_o_m_a_b,131,71,old,male,anger,b
131_o_m_d_a,131,71,old,male,disgust,a
131_o_m_d_b,131,71,old,male,disgust,b
131_o_m_f_a,131,71,old,male,fear,a
131_o_m_f_b,131,71,old,male,fear,b
131_o_m_h_a,131,71,old,male,happiness,a
131_o_m_h_b,131,71,old,male,happiness,b
131_o_m_n_a,131,71,old,male,neutrality,a
131_o_m_n_b,131,71,old,male,neutrality,b
131_o_m_s_a,131,71,old,male,sadness,a
131_o_m_s_b,131,71,old,male,sadness,b
132_y_f_a_a,132,20,young,female,anger,a
132_y_f_a_b,132,20,young,female,anger,b
132_y_f_d_a,132,20,young,female,disgust,a
132_y_f_d_b,132,20,young,female,disgust,b
132_y_f_f_a,132,20,young,female,fear,a
132_y_f_f_b,132,20,young,female,fear,b
132_y_f_h_a,132,20,young,female,happiness,a
132_y_f_h_b,132,20,young,female,happiness,b
132_y_f_n_a,132,20,young,female,neutrality,a
132_y_f_n_b,132,20,young,female,neutrality,b
132_y_f_s_a,132,20,young,female,sadness,a
132_y_f_s_b,132,20,young,female,sadness,b
133_o_f_a_a,133,71,old,female,anger,a
133_o_f_a_b,133,71,old,female,anger,b
133_o_f_d_a,133,71,old,female,disgust,a
133_o_f_d_b,133,71,old,female,disgust,b
133_o_f_f_a,133,71,old,female,fear,a
133_o_f_f_b,133,71,old,female,fear,b
133_o_f_h_a,133,71,old,female,happiness,a
133_o_f_h_b,133,71,old,female,happiness,b
133_o_f_n_a,133,71,old,female,neutrality,a
133_o_f_n_b,133,71,old,female,neutrality,b
133_o_f_s_a,133,71,old,female,sadness,a
133_o_f_s_b,133,71,old,female,sadness,b
134_y_f_a_a,134,28,young,female,anger,a
134_y_f_a_b,134,28,young,female,anger,b
134_y_f_d_a,134,28,young,female,disgust,a
134_y_f_d_b,134,28,young,female,disgust,b
134_y_f_f_a,134,28,young,female,fear,a
134_y_f_f_b,134,28,young,female,fear,b
134_y_f_h_a,134,28,young,female,happiness,a
134_y_f_h_b,134,28,young,female,happiness,b
134_y_f_n_a,134,28,young,female,neutrality,a
134_y_f_n_b,134,28,young,female,neutrality,b
134_y_f_s_a,134,28,young,female,sadness,a
134_y_f_s_b,134,28,young,female,sadness,b
135_y_m_a_a,135,27,young,male,anger,a
135_y_m_a_b,135,27,young,male,anger,b
135_y_m_d_a,135,27,young,male,disgust,a
135_y_m_d_b,135,27,young,male,disgust,b
135_y_m_f_a,135,27,young,male,fear,a
135_y_m_f_b,135,27,young,male,fear,b
135_y_m_h_a,135,27,young,male,happiness,a
135_y_m_h_b,135,27,young,male,happiness,b
135_y_m_n_a,135,27,young,male,neutrality,a
135_y_m_n_b,135,27,young,male,neutrality,b
135_y_m_s_a,135,27,young,male,sadness,a
135_y_m_s_b,135,27,young,male,sadness,b
136_m_m_a_a,136,45,middle-age,male,anger,a
136_m_m_a_b,136,45,middle-age,male,anger,b
136_m_m_d_a,136,45,middle-age,male,disgust,a
136_m_m_d_b,136,45,middle-age,male,disgust,b
136_m_m_f_a,136,45,middle-age,male,fear,a
136_m_m_f_b,136,45,middle-age,male,fear,b
136_m_m_h_a,136,45,middle-age,male,happiness,a
136_m_m_h_b,136,45,middle-age,male,happiness,b
136_m_m_n_a,136,45,middle-age,male,neutrality,a
136_m_m_n_b,136,45,middle-age,male,neutrality,b
136_m_m_s_a,136,45,middle-age,male,sadness,a
136_m_m_s_b,136,45,middle-age,male,sadness,b
137_o_m_a_a,137,71,old,male,anger,a
137_o_m_a_b,137,71,old,male,anger,b
137_o_m_d_a,137,71,old,male,disgust,a
137_o_m_d_b,137,71,old,male,disgust,b
137_o_m_f_a,137,71,old,male,fear,a
137_o_m_f_b,137,71,old,male,fear,b
137_o_m_h_a,137,71,old,male,happiness,a
137_o_m_h_b,137,71,old,male,happiness,b
137_o_m_n_a,137,71,old,male,neutrality,a
137_o_m_n_b,137,71,old,male,neutrality,b
137_o_m_s_a,137,71,old,male,sadness,a
137_o_m_s_b,137,71,old,male,sadness,b
138_m_f_a_a,138,45,middle-age,female,anger,a
138_m_f_a_b,138,45,middle-age,female,anger,b
138_m_f_d_a,138,45,middle-age,female,disgust,a
138_m_f_d_b,138,45,middle-age,female,disgust,b
138_m_f_f_a,138,45,middle-age,female,fear,a
138_m_f_f_b,138,45,middle-age,female,fear,b
138_m_f_h_a,138,45,middle-age,female,happiness,a
138_m_f_h_b,138,45,middle-age,female,happiness,b
138_m_f_n_a,138,45,middle-age,female,neutrality,a
138_m_f_n_b,138,45,middle-age,female,neutrality,b
138_m_f_s_a,138,45,middle-age,female,sadness,a
138_m_f_s_b,138,45,middle-age,female,sadness,b
139_m_f_a_a,139,45,middle-age,female,anger,a
139_m_f_a_b,139,45,middle-age,female,anger,b
139_m_f_d_a,139,45,middle-age,female,disgust,a
139_m_f_d_b,139,45,middle-age,female,disgust,b
139_m_f_f_a,139,45,middle-age,female,fear,a
139_m_f_f_b,139,45,middle-age,female,fear,b
139_m_f_h_a,139,45,middle-age,female,happiness,a
139_m_f_h_b,139,45,middle-age,female,happiness,b
139_m_f_n_a,139,45,middle-age,female,neutrality,a
139_m_f_n_b,139,45,middle-age,female,neutrality,b
139_m_f_s_a,139,45,middle-age,female,sadness,a
139_m_f_s_b,139,45,middle-age,female,sadness,b
140_y_f_a_a,140,20,young,female,anger,a
140_y_f_a_b,140,20,young,female,anger,b
140_y_f_d_a,140,20,young,female,disgust,a
140_y_f_d_b,140,20,young,female,disgust,b
140_y_f_f_a,140,20,young,female,fear,a
140_y_f_f_b,140,20,young,female,fear,b
140_y_f_h_a,140,20,young,female,happiness,a
140_y_f_h_b,140,20,young,female,happiness,b
140_y_f_n_a,140,20,young,female,neutrality,a
140_y_f_n_b,140,20,young,female,neutrality,b
140_y_f_s_a,140,20,young,female,sadness,a
140_y_f_s_b,140,20,young,female,sadness,b
141_o_m_a_a,141,72,old,male,anger,a
141_o_m_a_b,141,72,old,male,anger,b
141_o_m_d_a,141,72,old,male,disgust,a
141_o_m_d_b,141,72,old,male,disgust,b
141_o_m_f_a,141,72,old,male,fear,a
141_o_m_f_b,141,72,old,male,fear,b
141_o_m_h_a,141,72,old,male,happiness,a
141_o_m_h_b,141,72,old,male,happiness,b
141_o_m_n_a,141,72,old,male,neutrality,a
141_o_m_n_b,141,72,old,male,neutrality,b
141_o_m_s_a,141,72,old,male,sadness,a
141_o_m_s_b,141,72,old,male,sadness,b
142_m_m_a_a,142,55,middle-age,male,anger,a
142_m_m_a_b,142,55,middle-age,male,anger,b
142_m_m_d_a,142,55,middle-age,male,disgust,a
142_m_m_d_b,142,55,middle-age,male,disgust,b
142_m_m_f_a,142,55,middle-age,male,fear,a
142_m_m_f_b,142,55,middle-age,male,fear,b
142_m_m_h_a,142,55,middle-age,male,happiness,a
142_m_m_h_b,142,55,middle-age,male,happiness,b
142_m_m_n_a,142,55,middle-age,male,neutrality,a
142_m_m_n_b,142,55,middle-age,male,neutrality,b
142_m_m_s_a,142,55,middle-age,male,sadness,a
142_m_m_s_b,142,55,middle-age,male,sadness,b
143_o_f_a_a,143,78,old,female,anger,a
143_o_f_a_b,143,78,old,female,anger,b
143_o_f_d_a,143,78,old,female,disgust,a
143_o_f_d_b,143,78,old,female,disgust,b
143_o_f_f_a,143,78,old,female,fear,a
143_o_f_f_b,143,78,old,female,fear,b
143_o_f_h_a,143,78,old,female,happiness,a
143_o_f_h_b,143,78,old,female,happiness,b
143_o_f_n_a,143,78,old,female,neutrality,a
143_o_f_n_b,143,78,old,female,neutrality,b
143_o_f_s_a,143,78,old,female,sadness,a
143_o_f_s_b,143,78,old,female,sadness,b
144_y_m_a_a,144,22,young,male,anger,a
144_y_m_a_b,144,22,young,male,anger,b
144_y_m_d_a,144,22,young,male,disgust,a
144_y_m_d_b,144,22,young,male,disgust,b
144_y_m_f_a,144,22,young,male,fear,a
144_y_m_f_b,144,22,young,male,fear,b
144_y_m_h_a,144,22,young,male,happiness,a
144_y_m_h_b,144,22,young,male,happiness,b
144_y_m_n_a,144,22,young,male,neutrality,a
144_y_m_n_b,144,22,young,male,neutrality,b
144_y_m_s_a,144,22,young,male,sadness,a
144_y_m_s_b,144,22,young,male,sadness,b
146_o_m_a_a,146,74,old,male,anger,a
146_o_m_a_b,146,74,old,male,anger,b
146_o_m_d_a,146,74,old,male,disgust,a
146_o_m_d_b,146,74,old,male,disgust,b
146_o_m_f_a,146,74,old,male,fear,a
146_o_m_f_b,146,74,old,male,fear,b
146_o_m_h_a,146,74,old,male,happiness,a
146_o_m_h_b,146,74,old,male,happiness,b
146_o_m_n_a,146,74,old,male,neutrality,a
146_o_m_n_b,146,74,old,male,neutrality,b
146_o_m_s_a,146,74,old,male,sadness,a
146_o_m_s_b,146,74,old,male,sadness,b
147_y_m_a_a,147,22,young,male,anger,a
147_y_m_a_b,147,22,young,male,anger,b
147_y_m_d_a,147,22,young,male,disgust,a
147_y_m_d_b,147,22,young,male,disgust,b
147_y_m_f_a,147,22,young,male,fear,a
147_y_m_f_b,147,22,young,male,fear,b
147_y_m_h_a,147,22,young,male,happiness,a
147_y_m_h_b,147,22,young,male,happiness,b
147_y_m_n_a,147,22,young,male,neutrality,a
147_y_m_n_b,147,22,young,male,neutrality,b
147_y_m_s_a,147,22,young,male,sadness,a
147_y_m_s_b,147,22,young,male,sadness,b
148_o_f_a_a,148,75,old,female,anger,a
148_o_f_a_b,148,75,old,female,anger,b
148_o_f_d_a,148,75,old,female,disgust,a
148_o_f_d_b,148,75,old,female,disgust,b
148_o_f_f_a,148,75,old,female,fear,a
148_o_f_f_b,148,75,old,female,fear,b
148_o_f_h_a,148,75,old,female,happiness,a
148_o_f_h_b,148,75,old,female,happiness,b
148_o_f_n_a,148,75,old,female,neutrality,a
148_o_f_n_b,148,75,old,female,neutrality,b
148_o_f_s_a,148,75,old,female,sadness,a
148_o_f_s_b,148,75,old,female,sadness,b
149_m_m_a_a,149,51,middle-age,male,anger,a
149_m_m_a_b,149,51,middle-age,male,anger,b
149_m_m_d_a,149,51,middle-age,male,disgust,a
149_m_m_d_b,149,51,middle-age,male,disgust,b
149_m_m_f_a,149,51,middle-age,male,fear,a
149_m_m_f_b,149,51,middle-age,male,fear,b
149_m_m_h_a,149,51,middle-age,male,happiness,a
149_m_m_h_b,149,51,middle-age,male,happiness,b
149_m_m_n_a,149,51,middle-age,male,neutrality,a
149_m_m_n_b,149,51,middle-age,male,neutrality,b
149_m_m_s_a,149,51,middle-age,male,sadness,a
149_m_m_s_b,149,51,middle-age,male,sadness,b
150_y_f_a_a,150,20,young,female,anger,a
150_y_f_a_b,150,20,young,female,anger,b
150_y_f_d_a,150,20,young,female,disgust,a
150_y_f_d_b,150,20,young,female,disgust,b
150_y_f_f_a,150,20,young,female,fear,a
150_y_f_f_b,150,20,young,female,fear,b
150_y_f_h_a,150,20,young,female,happiness,a
150_y_f_h_b,150,20,young,female,happiness,b
150_y_f_n_a,150,20,young,female,neutrality,a
150_y_f_n_b,150,20,young,female,neutrality,b
150_y_f_s_a,150,20,young,female,sadness,a
150_y_f_s_b,150,20,young,female,sadness,b
151_o_m_a_a,151,74,old,male,anger,a
151_o_m_a_b,151,74,old,male,anger,b
151_o_m_d_a,151,74,old,male,disgust,a
151_o_m_d_b,151,74,old,male,disgust,b
151_o_m_f_a,151,74,old,male,fear,a
151_o_m_f_b,151,74,old,male,fear,b
151_o_m_h_a,151,74,old,male,happiness,a
151_o_m_h_b,151,74,old,male,happiness,b
151_o_m_n_a,151,74,old,male,neutrality,a
151_o_m_n_b,151,74,old,male,neutrality,b
151_o_m_s_a,151,74,old,male,sadness,a
151_o_m_s_b,151,74,old,male,sadness,b
152_y_f_a_a,152,20,young,female,anger,a
152_y_f_a_b,152,20,young,female,anger,b
152_y_f_d_a,152,20,young,female,disgust,a
152_y_f_d_b,152,20,young,female,disgust,b
152_y_f_f_a,152,20,young,female,fear,a
152_y_f_f_b,152,20,young,female,fear,b
152_y_f_h_a,152,20,young,female,happiness,a
152_y_f_h_b,152,20,young,female,happiness,b
152_y_f_n_a,152,20,young,female,neutrality,a
152_y_f_n_b,152,20,young,female,neutrality,b
152_y_f_s_a,152,20,young,female,sadness,a
152_y_f_s_b,152,20,young,female,sadness,b
153_y_m_a_a,153,24,young,male,anger,a
153_y_m_a_b,153,24,young,male,anger,b
153_y_m_d_a,153,24,young,male,disgust,a
153_y_m_d_b,153,24,young,male,disgust,b
153_y_m_f_a,153,24,young,male,fear,a
153_y_m_f_b,153,24,young,male,fear,b
153_y_m_h_a,153,24,young,male,happiness,a
153_y_m_h_b,153,24,young,male,happiness,b
153_y_m_n_a,153,24,young,male,neutrality,a
153_y_m_n_b,153,24,young,male,neutrality,b
153_y_m_s_a,153,24,young,male,sadness,a
153_y_m_s_b,153,24,young,male,sadness,b
154_o_f_a_a,154,78,old,female,anger,a
154_o_f_a_b,154,78,old,female,anger,b
154_o_f_d_a,154,78,old,female,disgust,a
154_o_f_d_b,154,78,old,female,disgust,b
154_o_f_f_a,154,78,old,female,fear,a
154_o_f_f_b,154,78,old,female,fear,b
154_o_f_h_a,154,78,old,female,happiness,a
154_o_f_h_b,154,78,old,female,happiness,b
154_o_f_n_a,154,78,old,female,neutrality,a
154_o_f_n_b,154,78,old,female,neutrality,b
154_o_f_s_a,154,78,old,female,sadness,a
154_o_f_s_b,154,78,old,female,sadness,b
155_m_m_a_a,155,45,middle-age,male,anger,a
155_m_m_a_b,155,45,middle-age,male,anger,b
155_m_m_d_a,155,45,middle-age,male,disgust,a
155_m_m_d_b,155,45,middle-age,male,disgust,b
155_m_m_f_a,155,45,middle-age,male,fear,a
155_m_m_f_b,155,45,middle-age,male,fear,b
155_m_m_h_a,155,45,middle-age,male,happiness,a
155_m_m_h_b,155,45,middle-age,male,happiness,b
155_m_m_n_a,155,45,middle-age,male,neutrality,a
155_m_m_n_b,155,45,middle-age,male,neutrality,b
155_m_m_s_a,155,45,middle-age,male,sadness,a
155_m_m_s_b,155,45,middle-age,male,sadness,b
156_m_f_a_a,156,45,middle-age,female,anger,a
156_m_f_a_b,156,45,middle-age,female,anger,b
156_m_f_d_a,156,45,middle-age,female,disgust,a
156_m_f_d_b,156,45,middle-age,female,disgust,b
156_m_f_f_a,156,45,middle-age,female,fear,a
156_m_f_f_b,156,45,middle-age,female,fear,b
156_m_f_h_a,156,45,middle-age,female,happiness,a
156_m_f_h_b,156,45,middle-age,female,happiness,b
156_m_f_n_a,156,45,middle-age,female,neutrality,a
156_m_f_n_b,156,45,middle-age,female,neutrality,b
156_m_f_s_a,156,45,middle-age,female,sadness,a
156_m_f_s_b,156,45,middle-age,female,sadness,b
157_m_f_a_a,157,50,middle-age,female,anger,a
157_m_f_a_b,157,50,middle-age,female,anger,b
157_m_f_d_a,157,50,middle-age,female,disgust,a
157_m_f_d_b,157,50,middle-age,female,disgust,b
157_m_f_f_a,157,50,middle-age,female,fear,a
157_m_f_f_b,157,50,middle-age,female,fear,b
157_m_f_h_a,157,50,middle-age,female,happiness,a
157_m_f_h_b,157,50,middle-age,female,happiness,b
157_m_f_n_a,157,50,middle-age,female,neutrality,a
157_m_f_n_b,157,50,middle-age,female,neutrality,b
157_m_f_s_a,157,50,middle-age,female,sadness,a
157_m_f_s_b,157,50,middle-age,female,sadness,b
158_o_f_a_a,158,72,old,female,anger,a
158_o_f_a_b,158,72,old,female,anger,b
158_o_f_d_a,158,72,old,female,disgust,a
158_o_f_d_b,158,72,old,female,disgust,b
158_o_f_f_a,158,72,old,female,fear,a
158_o_f_f_b,158,72,old,female,fear,b
158_o_f_h_a,158,72,old,female,happiness,a
158_o_f_h_b,158,72,old,female,happiness,b
158_o_f_n_a,158,72,old,female,neutrality,a
158_o_f_n_b,158,72,old,female,neutrality,b
158_o_f_s_a,158,72,old,female,sadness,a
158_o_f_s_b,158,72,old,female,sadness,b
159_m_m_a_a,159,54,middle-age,male,anger,a
159_m_m_a_b,159,54,middle-age,male,anger,b
159_m_m_d_a,159,54,middle-age,male,disgust,a
159_m_m_d_b,159,54,middle-age,male,disgust,b
159_m_m_f_a,159,54,middle-age,male,fear,a
159_m_m_f_b,159,54,middle-age,male,fear,b
159_m_m_h_a,159,54,middle-age,male,happiness,a
159_m_m_h_b,159,54,middle-age,male,happiness,b
159_m_m_n_a,159,54,middle-age,male,neutrality,a
159_m_m_n_b,159,54,middle-age,male,neutrality,b
159_m_m_s_a,159,54,middle-age,male,sadness,a
159_m_m_s_b,159,54,middle-age,male,sadness,b
160_y_m_a_a,160,28,young,male,anger,a
160_y_m_a_b,160,28,young,male,anger,b
160_y_m_d_a,160,28,young,male,disgust,a
160_y_m_d_b,160,28,young,male,disgust,b
160_y_m_f_a,160,28,young,male,fear,a
160_y_m_f_b,160,28,young,male,fear,b
160_y_m_h_a,160,28,young,male,happiness,a
160_y_m_h_b,160,28,young,male,happiness,b
160_y_m_n_a,160,28,young,male,neutrality,a
160_y_m_n_b,160,28,young,male,neutrality,b
160_y_m_s_a,160,28,young,male,sadness,a
160_y_m_s_b,160,28,young,male,sadness,b
161_o_m_a_a,161,77,old,male,anger,a
161_o_m_a_b,161,77,old,male,anger,b
161_o_m_d_a,161,77,old,male,disgust,a
161_o_m_d_b,161,77,old,male,disgust,b
161_o_m_f_a,161,77,old,male,fear,a
161_o_m_f_b,161,77,old,male,fear,b
161_o_m_h_a,161,77,old,male,happiness,a
161_o_m_h_b,161,77,old,male,happiness,b
161_o_m_n_a,161,77,old,male,neutrality,a
161_o_m_n_b,161,77,old,male,neutrality,b
161_o_m_s_a,161,77,old,male,sadness,a
161_o_m_s_b,161,77,old,male,sadness,b
162_y_f_a_a,162,24,young,female,anger,a
162_y_f_a_b,162,24,young,female,anger,b
162_y_f_d_a,162,24,young,female,disgust,a
162_y_f_d_b,162,24,young,female,disgust,b
162_y_f_f_a,162,24,young,female,fear,a
162_y_f_f_b,162,24,young,female,fear,b
162_y_f_h_a,162,24,young,female,happiness,a
162_y_f_h_b,162,24,young,female,happiness,b
162_y_f_n_a,162,24,young,female,neutrality,a
162_y_f_n_b,162,24,young,female,neutrality,b
162_y_f_s_a,162,24,young,female,sadness,a
162_y_f_s_b,162,24,young,female,sadness,b
163_y_f_a_a,163,24,young,female,anger,a
163_y_f_a_b,163,24,young,female,anger,b
163_y_f_d_a,163,24,young,female,disgust,a
163_y_f_d_b,163,24,young,female,disgust,b
163_y_f_f_a,163,24,young,female,fear,a
163_y_f_f_b,163,24,young,female,fear,b
163_y_f_h_a,163,24,young,female,happiness,a
163_y_f_h_b,163,24,young,female,happiness,b
163_y_f_n_a,163,24,young,female,neutrality,a
163_y_f_n_b,163,24,young,female,neutrality,b
163_y_f_s_a,163,24,young,female,sadness,a
163_y_f_s_b,163,24,young,female,sadness,b
164_o_f_a_a,164,79,old,female,anger,a
164_o_f_a_b,164,79,old,female,anger,b
164_o_f_d_a,164,79,old,female,disgust,a
164_o_f_d_b,164,79,old,female,disgust,b
164_o_f_f_a,164,79,old,female,fear,a
164_o_f_f_b,164,79,old,female,fear,b
164_o_f_h_a,164,79,old,female,happiness,a
164_o_f_h_b,164,79,old,female,happiness,b
164_o_f_n_a,164,79,old,female,neutrality,a
164_o_f_n_b,164,79,old,female,neutrality,b
164_o_f_s_a,164,79,old,female,sadness,a
164_o_f_s_b,164,79,old,female,sadness,b
165_m_m_a_a,165,51,middle-age,male,anger,a
165_m_m_a_b,165,51,middle-age,male,anger,b
165_m_m_d_a,165,51,middle-age,male,disgust,a
165_m_m_d_b,165,51,middle-age,male,disgust,b
165_m_m_f_a,165,51,middle-age,male,fear,a
165_m_m_f_b,165,51,middle-age,male,fear,b
165_m_m_h_a,165,51,middle-age,male,happiness,a
165_m_m_h_b,165,51,middle-age,male,happiness,b
165_m_m_n_a,165,51,middle-age,male,neutrality,a
165_m_m_n_b,165,51,middle-age,male,neutrality,b
165_m_m_s_a,165,51,middle-age,male,sadness,a
165_m_m_s_b,165,51,middle-age,male,sadness,b
166_o_m_a_a,166,72,old,male,anger,a
166_o_m_a_b,166,72,old,male,anger,b
166_o_m_d_a,166,72,old,male,disgust,a
166_o_m_d_b,166,72,old,male,disgust,b
166_o_m_f_a,166,72,old,male,fear,a
166_o_m_f_b,166,72,old,male,fear,b
166_o_m_h_a,166,72,old,male,happiness,a
166_o_m_h_b,166,72,old,male,happiness,b
166_o_m_n_a,166,72,old,male,neutrality,a
166_o_m_n_b,166,72,old,male,neutrality,b
166_o_m_s_a,166,72,old,male,sadness,a
166_o_m_s_b,166,72,old,male,sadness,b
167_y_m_a_a,167,25,young,male,anger,a
167_y_m_a_b,167,25,young,male,anger,b
167_y_m_d_a,167,25,young,male,disgust,a
167_y_m_d_b,167,25,young,male,disgust,b
167_y_m_f_a,167,25,young,male,fear,a
167_y_m_f_b,167,25,young,male,fear,b
167_y_m_h_a,167,25,young,male,happiness,a
167_y_m_h_b,167,25,young,male,happiness,b
167_y_m_n_a,167,25,young,male,neutrality,a
167_y_m_n_b,167,25,young,male,neutrality,b
167_y_m_s_a,167,25,young,male,sadness,a
167_y_m_s_b,167,25,young,male,sadness,b
168_m_f_a_a,168,48,middle-age,female,anger,a
168_m_f_a_b,168,48,middle-age,female,anger,b
168_m_f_d_a,168,48,middle-age,female,disgust,a
168_m_f_d_b,168,48,middle-age,female,disgust,b
168_m_f_f_a,168,48,middle-age,female,fear,a
168_m_f_f_b,168,48,middle-age,female,fear,b
168_m_f_h_a,168,48,middle-age,female,happiness,a
168_m_f_h_b,168,48,middle-age,female,happiness,b
168_m_f_n_a,168,48,middle-age,female,neutrality,a
168_m_f_n_b,168,48,middle-age,female,neutrality,b
168_m_f_s_a,168,48,middle-age,female,sadness,a
168_m_f_s_b,168,48,middle-age,female,sadness,b
169_m_m_a_a,169,46,middle-age,male,anger,a
169_m_m_a_b,169,46,middle-age,male,anger,b
169_m_m_d_a,169,46,middle-age,male,disgust,a
169_m_m_d_b,169,46,middle-age,male,disgust,b
169_m_m_f_a,169,46,middle-age,male,fear,a
169_m_m_f_b,169,46,middle-age,male,fear,b
169_m_m_h_a,169,46,middle-age,male,happiness,a
169_m_m_h_b,169,46,middle-age,male,happiness,b
169_m_m_n_a,169,46,middle-age,male,neutrality,a
169_m_m_n_b,169,46,middle-age,male,neutrality,b
169_m_m_s_a,169,46,middle-age,male,sadness,a
169_m_m_s_b,169,46,middle-age,male,sadness,b
170_y_m_a_a,170,31,young,male,anger,a
170_y_m_a_b,170,31,young,male,anger,b
170_y_m_d_a,170,31,young,male,disgust,a
170_y_m_d_b,170,31,young,male,disgust,b
170_y_m_f_a,170,31,young,male,fear,a
170_y_m_f_b,170,31,young,male,fear,b
170_y_m_h_a,170,31,young,male,happiness,a
170_y_m_h_b,170,31,young,male,happiness,b
170_y_m_n_a,170,31,young,male,neutrality,a
170_y_m_n_b,170,31,young,male,neutrality,b
170_y_m_s_a,170,31,young,male,sadness,a
170_y_m_s_b,170,31,young,male,sadness,b
171_y_f_a_a,171,30,young,female,anger,a
171_y_f_a_b,171,30,young,female,anger,b
171_y_f_d_a,171,30,young,female,disgust,a
171_y_f_d_b,171,30,young,female,disgust,b
171_y_f_f_a,171,30,young,female,fear,a
171_y_f_f_b,171,30,young,female,fear,b
171_y_f_h_a,171,30,young,female,happiness,a
171_y_f_h_b,171,30,young,female,happiness,b
171_y_f_n_a,171,30,young,female,neutrality,a
171_y_f_n_b,171,30,young,female,neutrality,b
171_y_f_s_a,171,30,young,female,sadness,a
171_y_f_s_b,171,30,young,female,sadness,b
172_o_m_a_a,172,73,old,male,anger,a
172_o_m_a_b,172,73,old,male,anger,b
172_o_m_d_a,172,73,old,male,disgust,a
172_o_m_d_b,172,73,old,male,disgust,b
172_o_m_f_a,172,73,old,male,fear,a
172_o_m_f_b,172,73,old,male,fear,b
172_o_m_h_a,172,73,old,male,happiness,a
172_o_m_h_b,172,73,old,male,happiness,b
172_o_m_n_a,172,73,old,male,neutrality,a
172_o_m_n_b,172,73,old,male,neutrality,b
172_o_m_s_a,172,73,old,male,sadness,a
172_o_m_s_b,172,73,old,male,sadness,b
173_y_f_a_a,173,27,young,female,anger,a
173_y_f_a_b,173,27,young,female,anger,b
173_y_f_d_a,173,27,young,female,disgust,a
173_y_f_d_b,173,27,young,female,disgust,b
173_y_f_f_a,173,27,young,female,fear,a
173_y_f_f_b,173,27,young,female,fear,b
173_y_f_h_a,173,27,young,female,happiness,a
173_y_f_h_b,173,27,young,female,happiness,b
173_y_f_n_a,173,27,young,female,neutrality,a
173_y_f_n_b,173,27,young,female,neutrality,b
173_y_f_s_a,173,27,young,female,sadness,a
173_y_f_s_b,173,27,young,female,sadness,b
174_o_f_a_a,174,70,old,female,anger,a
174_o_f_a_b,174,70,old,female,anger,b
174_o_f_d_a,174,70,old,female,disgust,a
174_o_f_d_b,174,70,old,female,disgust,b
174_o_f_f_a,174,70,old,female,fear,a
174_o_f_f_b,174,70,old,female,fear,b
174_o_f_h_a,174,70,old,female,happiness,a
174_o_f_h_b,174,70,old,female,happiness,b
174_o_f_n_a,174,70,old,female,neutrality,a
174_o_f_n_b,174,70,old,female,neutrality,b
174_o_f_s_a,174,70,old,female,sadness,a
174_o_f_s_b,174,70,old,female,sadness,b
175_y_m_a_a,175,27,young,male,anger,a
175_y_m_a_b,175,27,young,male,anger,b
175_y_m_d_a,175,27,young,male,disgust,a
175_y_m_d_b,175,27,young,male,disgust,b
175_y_m_f_a,175,27,young,male,fear,a
175_y_m_f_b,175,27,young,male,fear,b
175_y_m_h_a,175,27,young,male,happiness,a
175_y_m_h_b,175,27,young,male,happiness,b
175_y_m_n_a,175,27,young,male,neutrality,a
175_y_m_n_b,175,27,young,male,neutrality,b
175_y_m_s_a,175,27,young,male,sadness,a
175_y_m_s_b,175,27,young,male,sadness,b
176_o_m_a_a,176,73,old,male,anger,a
176_o_m_a_b,176,73,old,male,anger,b
176_o_m_d_a,176,73,old,male,disgust,a
176_o_m_d_b,176,73,old,male,disgust,b
176_o_m_f_a,176,73,old,male,fear,a
176_o_m_f_b,176,73,old,male,fear,b
176_o_m_h_a,176,73,old,male,happiness,a
176_o_m_h_b,176,73,old,male,happiness,b
176_o_m_n_a,176,73,old,male,neutrality,a
176_o_m_n_b,176,73,old,male,neutrality,b
176_o_m_s_a,176,73,old,male,sadness,a
176_o_m_s_b,176,73,old,male,sadness,b
177_y_f_a_a,177,26,young,female,anger,a
177_y_f_a_b,177,26,young,female,anger,b
177_y_f_d_a,177,26,young,female,disgust,a
177_y_f_d_b,177,26,young,female,disgust,b
177_y_f_f_a,177,26,young,female,fear,a
177_y_f_f_b,177,26,young,female,fear,b
177_y_f_h_a,177,26,young,female,happiness,a
177_y_f_h_b,177,26,young,female,happiness,b
177_y_f_n_a,177,26,young,female,neutrality,a
177_y_f_n_b,177,26,young,female,neutrality,b
177_y_f_s_a,177,26,young,female,sadness,a
177_y_f_s_b,177,26,young,female,sadness,b
178_m_m_a_a,178,46,middle-age,male,anger,a
178_m_m_a_b,178,46,middle-age,male,anger,b
178_m_m_d_a,178,46,middle-age,male,disgust,a
178_m_m_d_b,178,46,middle-age,male,disgust,b
178_m_m_f_a,178,46,middle-age,male,fear,a
178_m_m_f_b,178,46,middle-age,male,fear,b
178_m_m_h_a,178,46,middle-age,male,happiness,a
178_m_m_h_b,178,46,middle-age,male,happiness,b
178_m_m_n_a,178,46,middle-age,male,neutrality,a
178_m_m_n_b,178,46,middle-age,male,neutrality,b
178_m_m_s_a,178,46,middle-age,male,sadness,a
178_m_m_s_b,178,46,middle-age,male,sadness,b
179_m_m_a_a,179,45,middle-age,male,anger,a
179_m_m_a_b,179,45,middle-age,male,anger,b
179_m_m_d_a,179,45,middle-age,male,disgust,a
179_m_m_d_b,179,45,middle-age,male,disgust,b
179_m_m_f_a,179,45,middle-age,male,fear,a
179_m_m_f_b,179,45,middle-age,male,fear,b
179_m_m_h_a,179,45,middle-age,male,happiness,a
179_m_m_h_b,179,45,middle-age,male,happiness,b
179_m_m_n_a,179,45,middle-age,male,neutrality,a
179_m_m_n_b,179,45,middle-age,male,neutrality,b
179_m_m_s_a,179,45,middle-age,male,sadness,a
179_m_m_s_b,179,45,middle-age,male,sadness,b
180_m_f_a_a,180,51,middle-age,female,anger,a
180_m_f_a_b,180,51,middle-age,female,anger,b
180_m_f_d_a,180,51,middle-age,female,disgust,a
180_m_f_d_b,180,51,middle-age,female,disgust,b
180_m_f_f_a,180,51,middle-age,female,fear,a
180_m_f_f_b,180,51,middle-age,female,fear,b
180_m_f_h_a,180,51,middle-age,female,happiness,a
180_m_f_h_b,180,51,middle-age,female,happiness,b
180_m_f_n_a,180,51,middle-age,female,neutrality,a
180_m_f_n_b,180,51,middle-age,female,neutrality,b
180_m_f_s_a,180,51,middle-age,female,sadness,a
180_m_f_s_b,180,51,middle-age,female,sadness,b
182_y_f_a_a,182,23,young,female,anger,a
182_y_f_a_b,182,23,young,female,anger,b
182_y_f_d_a,182,23,young,female,disgust,a
182_y_f_d_b,182,23,young,female,disgust,b
182_y_f_f_a,182,23,young,female,fear,a
182_y_f_f_b,182,23,young,female,fear,b
182_y_f_h_a,182,23,young,female,happiness,a
182_y_f_h_b,182,23,young,female,happiness,b
182_y_f_n_a,182,23,young,female,neutrality,a
182_y_f_n_b,182,23,young,female,neutrality,b
182_y_f_s_a,182,23,young,female,sadness,a
182_y_f_s_b,182,23,young,female,sadness,b
